<?xml version="1.0" encoding="UTF-8"?>
<gpx creator="StravaGPX" version="1.1" xmlns="http://www.topografix.com/GPX/1/1" xmlns:xsi="http://www.w3.org/2001/XMLSchema-instance" xsi:schemaLocation="http://www.topografix.com/GPX/1/1 http://www.topografix.com/GPX/1/1/gpx.xsd">
 <metadata>
  <name>Coach Anna's Long Run Route</name>
  <author>
   <name>Cully Handel</name>
   <link href="https://www.strava.com/athletes/2208479"/>
  </author>
  <copyright author="OpenStreetMap contributors">
   <year>2020</year>
   <license>https://www.openstreetmap.org/copyright</license>
  </copyright>
  <link href="https://www.strava.com/routes/3450329991756483338"/>
 </metadata>
 <trk>
  <name>Coach Anna's Long Run Route</name>
  <link href="https://www.strava.com/routes/3450329991756483338"/>
  <type>trail_running</type>
  <trkseg>
   <trkpt lat="37.9975" lon="-122.75795000000001">
    <ele>88.66</ele>
   </trkpt>
   <trkpt lat="37.997640000000004" lon="-122.75816">
    <ele>88.7</ele>
   </trkpt>
   <trkpt lat="37.99788" lon="-122.7587">
    <ele>88.41</ele>
   </trkpt>
   <trkpt lat="37.99823500066324" lon="-122.75914499762646">
    <ele>88.06000000000002</ele>
   </trkpt>
   <trkpt lat="37.99859" lon="-122.75959000000002">
    <ele>87.96000000000001</ele>
   </trkpt>
   <trkpt lat="37.99879" lon="-122.75986">
    <ele>87.36</ele>
   </trkpt>
   <trkpt lat="37.99884" lon="-122.75990000000002">
    <ele>87.36</ele>
   </trkpt>
   <trkpt lat="37.998870000000004" lon="-122.76009">
    <ele>87.34</ele>
   </trkpt>
   <trkpt lat="37.99904" lon="-122.76062">
    <ele>87.5</ele>
   </trkpt>
   <trkpt lat="37.99907" lon="-122.76077000000001">
    <ele>87.65</ele>
   </trkpt>
   <trkpt lat="37.99906" lon="-122.76094">
    <ele>87.71000000000001</ele>
   </trkpt>
   <trkpt lat="37.999010000000006" lon="-122.76112">
    <ele>87.84</ele>
   </trkpt>
   <trkpt lat="37.99891" lon="-122.76134">
    <ele>87.84</ele>
   </trkpt>
   <trkpt lat="37.99868" lon="-122.76174">
    <ele>88.08</ele>
   </trkpt>
   <trkpt lat="37.99868" lon="-122.76184">
    <ele>88.08</ele>
   </trkpt>
   <trkpt lat="37.99877" lon="-122.76192">
    <ele>88.02</ele>
   </trkpt>
   <trkpt lat="37.999190000000006" lon="-122.76188">
    <ele>84.52000000000001</ele>
   </trkpt>
   <trkpt lat="37.999370000000006" lon="-122.76192">
    <ele>83.53</ele>
   </trkpt>
   <trkpt lat="37.99947" lon="-122.76198000000001">
    <ele>82.79</ele>
   </trkpt>
   <trkpt lat="37.999700000000004" lon="-122.76223000000002">
    <ele>79.67</ele>
   </trkpt>
   <trkpt lat="38.00001" lon="-122.76241000000002">
    <ele>78.53</ele>
   </trkpt>
   <trkpt lat="38.00057" lon="-122.76281000000002">
    <ele>78.61000000000001</ele>
   </trkpt>
   <trkpt lat="38.00114000000001" lon="-122.76336">
    <ele>83.16000000000001</ele>
   </trkpt>
   <trkpt lat="38.00128" lon="-122.76354">
    <ele>84.71000000000001</ele>
   </trkpt>
   <trkpt lat="38.00139" lon="-122.76376">
    <ele>85.38000000000001</ele>
   </trkpt>
   <trkpt lat="38.00141" lon="-122.76389">
    <ele>86.46000000000001</ele>
   </trkpt>
   <trkpt lat="38.00137" lon="-122.76416">
    <ele>88.51</ele>
   </trkpt>
   <trkpt lat="38.00139" lon="-122.7643">
    <ele>88.8</ele>
   </trkpt>
   <trkpt lat="38.00144" lon="-122.76440000000001">
    <ele>89.88</ele>
   </trkpt>
   <trkpt lat="38.001560000000005" lon="-122.76456">
    <ele>91.6</ele>
   </trkpt>
   <trkpt lat="38.001630000000006" lon="-122.76474">
    <ele>92.63</ele>
   </trkpt>
   <trkpt lat="38.001720000000006" lon="-122.76511">
    <ele>94.21</ele>
   </trkpt>
   <trkpt lat="38.00179" lon="-122.76559">
    <ele>96.51</ele>
   </trkpt>
   <trkpt lat="38.001940000000005" lon="-122.76617000000002">
    <ele>98.44000000000001</ele>
   </trkpt>
   <trkpt lat="38.00202" lon="-122.76671">
    <ele>99.98000000000002</ele>
   </trkpt>
   <trkpt lat="38.002030000000005" lon="-122.76703">
    <ele>101.05000000000001</ele>
   </trkpt>
   <trkpt lat="38.002100000000006" lon="-122.76769000000002">
    <ele>104.37</ele>
   </trkpt>
   <trkpt lat="38.002010000000006" lon="-122.76859">
    <ele>107.87</ele>
   </trkpt>
   <trkpt lat="38.001830000000005" lon="-122.76962">
    <ele>114.47000000000001</ele>
   </trkpt>
   <trkpt lat="38.00186" lon="-122.76983000000001">
    <ele>115.11</ele>
   </trkpt>
   <trkpt lat="38.001870000000004" lon="-122.76984000000002">
    <ele>115.11</ele>
   </trkpt>
   <trkpt lat="38.001920000000005" lon="-122.76985">
    <ele>115.80000000000001</ele>
   </trkpt>
   <trkpt lat="38.001990000000006" lon="-122.7698">
    <ele>116.21000000000001</ele>
   </trkpt>
   <trkpt lat="38.002120000000005" lon="-122.76966000000002">
    <ele>117.63000000000001</ele>
   </trkpt>
   <trkpt lat="38.00233" lon="-122.76927">
    <ele>122.95</ele>
   </trkpt>
   <trkpt lat="38.002520000000004" lon="-122.76904">
    <ele>124.58000000000001</ele>
   </trkpt>
   <trkpt lat="38.00263" lon="-122.76895">
    <ele>125.09</ele>
   </trkpt>
   <trkpt lat="38.0028" lon="-122.76882">
    <ele>125.24000000000001</ele>
   </trkpt>
   <trkpt lat="38.002900000000004" lon="-122.76864">
    <ele>125.31</ele>
   </trkpt>
   <trkpt lat="38.00298" lon="-122.76842">
    <ele>125.84</ele>
   </trkpt>
   <trkpt lat="38.002950000000006" lon="-122.76783">
    <ele>128.66000000000003</ele>
   </trkpt>
   <trkpt lat="38.003040000000006" lon="-122.76686000000001">
    <ele>132.32000000000002</ele>
   </trkpt>
   <trkpt lat="38.00311000000001" lon="-122.76653">
    <ele>133.59</ele>
   </trkpt>
   <trkpt lat="38.003170000000004" lon="-122.7664">
    <ele>134.43</ele>
   </trkpt>
   <trkpt lat="38.00327" lon="-122.76627">
    <ele>135.34</ele>
   </trkpt>
   <trkpt lat="38.003370000000004" lon="-122.76618">
    <ele>135.6</ele>
   </trkpt>
   <trkpt lat="38.003730000000004" lon="-122.76609">
    <ele>138.25</ele>
   </trkpt>
   <trkpt lat="38.00397" lon="-122.76613">
    <ele>140.3</ele>
   </trkpt>
   <trkpt lat="38.00414" lon="-122.76631">
    <ele>142.23000000000002</ele>
   </trkpt>
   <trkpt lat="38.00426" lon="-122.76653">
    <ele>143.69</ele>
   </trkpt>
   <trkpt lat="38.004360000000005" lon="-122.76685">
    <ele>145.83</ele>
   </trkpt>
   <trkpt lat="38.00437" lon="-122.76686000000001">
    <ele>145.83</ele>
   </trkpt>
   <trkpt lat="38.00439" lon="-122.76703">
    <ele>146.55</ele>
   </trkpt>
   <trkpt lat="38.004340000000006" lon="-122.76754000000001">
    <ele>150.29</ele>
   </trkpt>
   <trkpt lat="38.004270000000005" lon="-122.76761">
    <ele>150.29</ele>
   </trkpt>
   <trkpt lat="38.004200000000004" lon="-122.76762000000001">
    <ele>150.59</ele>
   </trkpt>
   <trkpt lat="38.003820000000005" lon="-122.76756">
    <ele>152.11</ele>
   </trkpt>
   <trkpt lat="38.00366" lon="-122.76756">
    <ele>153.41000000000003</ele>
   </trkpt>
   <trkpt lat="38.00357" lon="-122.76765">
    <ele>154.91000000000003</ele>
   </trkpt>
   <trkpt lat="38.00352" lon="-122.76779">
    <ele>155.59</ele>
   </trkpt>
   <trkpt lat="38.00348" lon="-122.76797">
    <ele>156.42</ele>
   </trkpt>
   <trkpt lat="38.003370000000004" lon="-122.76873">
    <ele>159.98000000000002</ele>
   </trkpt>
   <trkpt lat="38.003310000000006" lon="-122.76895">
    <ele>160.94</ele>
   </trkpt>
   <trkpt lat="38.00318" lon="-122.76919000000001">
    <ele>162.24</ele>
   </trkpt>
   <trkpt lat="38.002860000000005" lon="-122.76949">
    <ele>164.21</ele>
   </trkpt>
   <trkpt lat="38.00255000000001" lon="-122.7699">
    <ele>165.54000000000002</ele>
   </trkpt>
   <trkpt lat="38.00222500143134" lon="-122.77050000283063">
    <ele>169.16</ele>
   </trkpt>
   <trkpt lat="38.001900000000006" lon="-122.7711">
    <ele>171.88</ele>
   </trkpt>
   <trkpt lat="38.00184" lon="-122.77132000000002">
    <ele>173.85</ele>
   </trkpt>
   <trkpt lat="38.001760000000004" lon="-122.77182">
    <ele>176.57</ele>
   </trkpt>
   <trkpt lat="38.001670000000004" lon="-122.77209">
    <ele>177.68</ele>
   </trkpt>
   <trkpt lat="38.00168" lon="-122.77231">
    <ele>178.62</ele>
   </trkpt>
   <trkpt lat="38.00161000000001" lon="-122.77253">
    <ele>179.20000000000002</ele>
   </trkpt>
   <trkpt lat="38.00151" lon="-122.77258">
    <ele>181.69000000000003</ele>
   </trkpt>
   <trkpt lat="38.00135" lon="-122.77263">
    <ele>181.69000000000003</ele>
   </trkpt>
   <trkpt lat="38.001180000000005" lon="-122.77276">
    <ele>183.00000000000003</ele>
   </trkpt>
   <trkpt lat="38.000530000000005" lon="-122.77348">
    <ele>189.81</ele>
   </trkpt>
   <trkpt lat="38.00043" lon="-122.77351000000002">
    <ele>189.81</ele>
   </trkpt>
   <trkpt lat="38.00045" lon="-122.77351000000002">
    <ele>189.81</ele>
   </trkpt>
   <trkpt lat="38.00039" lon="-122.77351000000002">
    <ele>190.41000000000003</ele>
   </trkpt>
   <trkpt lat="38.00034" lon="-122.77325">
    <ele>191.38000000000002</ele>
   </trkpt>
   <trkpt lat="38.00036" lon="-122.77294">
    <ele>192.67000000000002</ele>
   </trkpt>
   <trkpt lat="38.00063" lon="-122.77201000000001">
    <ele>198.16</ele>
   </trkpt>
   <trkpt lat="38.00067000000001" lon="-122.77142">
    <ele>200.65</ele>
   </trkpt>
   <trkpt lat="38.000530000000005" lon="-122.77051000000002">
    <ele>204.63</ele>
   </trkpt>
   <trkpt lat="38.00054" lon="-122.77025">
    <ele>206.18000000000004</ele>
   </trkpt>
   <trkpt lat="38.00058000000001" lon="-122.77007">
    <ele>206.97</ele>
   </trkpt>
   <trkpt lat="38.00057" lon="-122.76976">
    <ele>210.74</ele>
   </trkpt>
   <trkpt lat="38.00032" lon="-122.76944">
    <ele>212.31000000000003</ele>
   </trkpt>
   <trkpt lat="37.999990000000004" lon="-122.76918">
    <ele>214.92000000000002</ele>
   </trkpt>
   <trkpt lat="37.99956" lon="-122.76872000000002">
    <ele>218.59</ele>
   </trkpt>
   <trkpt lat="37.99947" lon="-122.76864">
    <ele>218.97000000000003</ele>
   </trkpt>
   <trkpt lat="37.99916" lon="-122.76848000000001">
    <ele>221.00000000000003</ele>
   </trkpt>
   <trkpt lat="37.999140000000004" lon="-122.76847000000001">
    <ele>221.00000000000003</ele>
   </trkpt>
   <trkpt lat="37.998940000000005" lon="-122.76843000000001">
    <ele>223.08</ele>
   </trkpt>
   <trkpt lat="37.998760000000004" lon="-122.76842">
    <ele>223.99</ele>
   </trkpt>
   <trkpt lat="37.998470000000005" lon="-122.76864">
    <ele>225.31</ele>
   </trkpt>
   <trkpt lat="37.99833" lon="-122.76868">
    <ele>227.36</ele>
   </trkpt>
   <trkpt lat="37.998090000000005" lon="-122.76892000000001">
    <ele>228.47</ele>
   </trkpt>
   <trkpt lat="37.997930000000004" lon="-122.76927">
    <ele>229.80000000000004</ele>
   </trkpt>
   <trkpt lat="37.99752" lon="-122.76971">
    <ele>233.69</ele>
   </trkpt>
   <trkpt lat="37.99723" lon="-122.77017000000001">
    <ele>236.23000000000002</ele>
   </trkpt>
   <trkpt lat="37.997060000000005" lon="-122.77017000000001">
    <ele>237.48000000000002</ele>
   </trkpt>
   <trkpt lat="37.996750000000006" lon="-122.76994">
    <ele>240.07000000000002</ele>
   </trkpt>
   <trkpt lat="37.996520000000004" lon="-122.7698">
    <ele>241.31000000000003</ele>
   </trkpt>
   <trkpt lat="37.99624" lon="-122.76967">
    <ele>242.51000000000002</ele>
   </trkpt>
   <trkpt lat="37.99597" lon="-122.76966000000002">
    <ele>245.03000000000003</ele>
   </trkpt>
   <trkpt lat="37.99542" lon="-122.77025">
    <ele>249.39000000000001</ele>
   </trkpt>
   <trkpt lat="37.99526" lon="-122.77026000000001">
    <ele>251.07000000000002</ele>
   </trkpt>
   <trkpt lat="37.995160000000006" lon="-122.77016">
    <ele>251.07000000000002</ele>
   </trkpt>
   <trkpt lat="37.995110000000004" lon="-122.77007">
    <ele>252.01000000000002</ele>
   </trkpt>
   <trkpt lat="37.9949" lon="-122.76957000000002">
    <ele>254.58</ele>
   </trkpt>
   <trkpt lat="37.99484" lon="-122.76936">
    <ele>255.45000000000002</ele>
   </trkpt>
   <trkpt lat="37.994730000000004" lon="-122.76884000000001">
    <ele>258.40000000000003</ele>
   </trkpt>
   <trkpt lat="37.994670000000006" lon="-122.76869">
    <ele>259.17</ele>
   </trkpt>
   <trkpt lat="37.99454" lon="-122.76859">
    <ele>259.71</ele>
   </trkpt>
   <trkpt lat="37.99412" lon="-122.76882">
    <ele>261.38</ele>
   </trkpt>
   <trkpt lat="37.994020000000006" lon="-122.76891">
    <ele>261.62</ele>
   </trkpt>
   <trkpt lat="37.99383" lon="-122.76919000000001">
    <ele>264.08000000000004</ele>
   </trkpt>
   <trkpt lat="37.99327" lon="-122.76944">
    <ele>268.41</ele>
   </trkpt>
   <trkpt lat="37.993" lon="-122.7694">
    <ele>269.31000000000006</ele>
   </trkpt>
   <trkpt lat="37.99295" lon="-122.76936">
    <ele>269.85</ele>
   </trkpt>
   <trkpt lat="37.99284" lon="-122.76919000000001">
    <ele>270.99</ele>
   </trkpt>
   <trkpt lat="37.992720000000006" lon="-122.76887">
    <ele>272.21</ele>
   </trkpt>
   <trkpt lat="37.99264" lon="-122.76874000000001">
    <ele>272.78000000000003</ele>
   </trkpt>
   <trkpt lat="37.99255" lon="-122.76864">
    <ele>273.74</ele>
   </trkpt>
   <trkpt lat="37.99244" lon="-122.76859">
    <ele>274.88</ele>
   </trkpt>
   <trkpt lat="37.99165" lon="-122.76873">
    <ele>280.89000000000004</ele>
   </trkpt>
   <trkpt lat="37.99138000000001" lon="-122.76873">
    <ele>282.25</ele>
   </trkpt>
   <trkpt lat="37.99121" lon="-122.76877">
    <ele>282.86</ele>
   </trkpt>
   <trkpt lat="37.991060000000004" lon="-122.76886">
    <ele>285.22</ele>
   </trkpt>
   <trkpt lat="37.99083" lon="-122.76909">
    <ele>286.46000000000004</ele>
   </trkpt>
   <trkpt lat="37.990680000000005" lon="-122.7694">
    <ele>290.66</ele>
   </trkpt>
   <trkpt lat="37.990230000000004" lon="-122.76989">
    <ele>292.83000000000004</ele>
   </trkpt>
   <trkpt lat="37.99009" lon="-122.76998">
    <ele>293.51000000000005</ele>
   </trkpt>
   <trkpt lat="37.989990000000006" lon="-122.77012">
    <ele>294.92</ele>
   </trkpt>
   <trkpt lat="37.98982" lon="-122.77053000000001">
    <ele>297.4</ele>
   </trkpt>
   <trkpt lat="37.989740000000005" lon="-122.77079">
    <ele>299.55</ele>
   </trkpt>
   <trkpt lat="37.989630000000005" lon="-122.77097">
    <ele>299.55</ele>
   </trkpt>
   <trkpt lat="37.98933" lon="-122.77129000000001">
    <ele>302.69</ele>
   </trkpt>
   <trkpt lat="37.989110000000004" lon="-122.77133">
    <ele>304.96</ele>
   </trkpt>
   <trkpt lat="37.988890000000005" lon="-122.77132000000002">
    <ele>306.71000000000004</ele>
   </trkpt>
   <trkpt lat="37.98854" lon="-122.77119">
    <ele>308.42</ele>
   </trkpt>
   <trkpt lat="37.98801" lon="-122.77075">
    <ele>313.3</ele>
   </trkpt>
   <trkpt lat="37.98753" lon="-122.77048">
    <ele>318.52000000000004</ele>
   </trkpt>
   <trkpt lat="37.98738" lon="-122.77047">
    <ele>318.62</ele>
   </trkpt>
   <trkpt lat="37.98707" lon="-122.77047">
    <ele>319.82000000000005</ele>
   </trkpt>
   <trkpt lat="37.98698" lon="-122.77052">
    <ele>320.32000000000005</ele>
   </trkpt>
   <trkpt lat="37.986760000000004" lon="-122.77048">
    <ele>322.35</ele>
   </trkpt>
   <trkpt lat="37.986630000000005" lon="-122.77038">
    <ele>323.53000000000003</ele>
   </trkpt>
   <trkpt lat="37.98624" lon="-122.77022000000001">
    <ele>325.73</ele>
   </trkpt>
   <trkpt lat="37.986140000000006" lon="-122.77016">
    <ele>325.73</ele>
   </trkpt>
   <trkpt lat="37.986090000000004" lon="-122.77016">
    <ele>325.73</ele>
   </trkpt>
   <trkpt lat="37.98601" lon="-122.77007">
    <ele>325.98</ele>
   </trkpt>
   <trkpt lat="37.98588" lon="-122.77007">
    <ele>326.38</ele>
   </trkpt>
   <trkpt lat="37.985580000000006" lon="-122.76993000000002">
    <ele>327.90000000000003</ele>
   </trkpt>
   <trkpt lat="37.98546" lon="-122.76984000000002">
    <ele>328.26000000000005</ele>
   </trkpt>
   <trkpt lat="37.98547000000001" lon="-122.76986000000001">
    <ele>328.26000000000005</ele>
   </trkpt>
   <trkpt lat="37.98527" lon="-122.76963">
    <ele>328.87000000000006</ele>
   </trkpt>
   <trkpt lat="37.98514" lon="-122.7694">
    <ele>328.99</ele>
   </trkpt>
   <trkpt lat="37.98512" lon="-122.76931">
    <ele>328.99</ele>
   </trkpt>
   <trkpt lat="37.98518" lon="-122.76859">
    <ele>327.40000000000003</ele>
   </trkpt>
   <trkpt lat="37.985310000000005" lon="-122.76819">
    <ele>326.88</ele>
   </trkpt>
   <trkpt lat="37.985310000000005" lon="-122.7681">
    <ele>326.88</ele>
   </trkpt>
   <trkpt lat="37.98498" lon="-122.76712">
    <ele>323.91</ele>
   </trkpt>
   <trkpt lat="37.984860000000005" lon="-122.76698">
    <ele>323.13</ele>
   </trkpt>
   <trkpt lat="37.984750000000005" lon="-122.76675000000002">
    <ele>321.59000000000003</ele>
   </trkpt>
   <trkpt lat="37.98447" lon="-122.76657000000002">
    <ele>320.67</ele>
   </trkpt>
   <trkpt lat="37.98418" lon="-122.76646000000001">
    <ele>320.49000000000007</ele>
   </trkpt>
   <trkpt lat="37.984030000000004" lon="-122.76635000000002">
    <ele>320.49000000000007</ele>
   </trkpt>
   <trkpt lat="37.98398" lon="-122.76636">
    <ele>320.47</ele>
   </trkpt>
   <trkpt lat="37.98375" lon="-122.76613">
    <ele>319.74</ele>
   </trkpt>
   <trkpt lat="37.98358" lon="-122.76604">
    <ele>319.58000000000004</ele>
   </trkpt>
   <trkpt lat="37.98321" lon="-122.7656">
    <ele>319.78000000000003</ele>
   </trkpt>
   <trkpt lat="37.98315" lon="-122.76556000000001">
    <ele>319.92</ele>
   </trkpt>
   <trkpt lat="37.98297" lon="-122.76533">
    <ele>320.79</ele>
   </trkpt>
   <trkpt lat="37.98266000115928" lon="-122.76481499788514">
    <ele>321.53000000000003</ele>
   </trkpt>
   <trkpt lat="37.982350000000004" lon="-122.7643">
    <ele>322.83</ele>
   </trkpt>
   <trkpt lat="37.982260000000004" lon="-122.76420000000002">
    <ele>323.0</ele>
   </trkpt>
   <trkpt lat="37.98161" lon="-122.76385">
    <ele>325.32000000000005</ele>
   </trkpt>
   <trkpt lat="37.98152" lon="-122.76376">
    <ele>326.84000000000003</ele>
   </trkpt>
   <trkpt lat="37.98143" lon="-122.76371">
    <ele>328.64000000000004</ele>
   </trkpt>
   <trkpt lat="37.981300000000005" lon="-122.76368000000001">
    <ele>329.8</ele>
   </trkpt>
   <trkpt lat="37.98107" lon="-122.76354">
    <ele>333.08000000000004</ele>
   </trkpt>
   <trkpt lat="37.980760000000004" lon="-122.76349">
    <ele>336.89000000000004</ele>
   </trkpt>
   <trkpt lat="37.98057" lon="-122.76349">
    <ele>337.81000000000006</ele>
   </trkpt>
   <trkpt lat="37.98039" lon="-122.76350000000001">
    <ele>339.34000000000003</ele>
   </trkpt>
   <trkpt lat="37.98024" lon="-122.76358">
    <ele>340.58000000000004</ele>
   </trkpt>
   <trkpt lat="37.980030000000006" lon="-122.76384000000002">
    <ele>342.39000000000004</ele>
   </trkpt>
   <trkpt lat="37.97984" lon="-122.76393000000002">
    <ele>344.71000000000004</ele>
   </trkpt>
   <trkpt lat="37.97977" lon="-122.7639">
    <ele>345.13000000000005</ele>
   </trkpt>
   <trkpt lat="37.97959" lon="-122.7638">
    <ele>348.41</ele>
   </trkpt>
   <trkpt lat="37.979400000000005" lon="-122.76327">
    <ele>351.67</ele>
   </trkpt>
   <trkpt lat="37.97919" lon="-122.76287">
    <ele>354.25</ele>
   </trkpt>
   <trkpt lat="37.97916" lon="-122.76265000000001">
    <ele>355.65000000000003</ele>
   </trkpt>
   <trkpt lat="37.979150000000004" lon="-122.76233">
    <ele>357.85</ele>
   </trkpt>
   <trkpt lat="37.9791" lon="-122.76215">
    <ele>360.26</ele>
   </trkpt>
   <trkpt lat="37.9791" lon="-122.76193">
    <ele>361.82000000000005</ele>
   </trkpt>
   <trkpt lat="37.979130000000005" lon="-122.76182000000001">
    <ele>362.25</ele>
   </trkpt>
   <trkpt lat="37.97887" lon="-122.76159000000001">
    <ele>359.48</ele>
   </trkpt>
   <trkpt lat="37.97871000000001" lon="-122.76135000000001">
    <ele>362.31</ele>
   </trkpt>
   <trkpt lat="37.97833" lon="-122.76102000000002">
    <ele>368.41</ele>
   </trkpt>
   <trkpt lat="37.97809" lon="-122.76071">
    <ele>372.95</ele>
   </trkpt>
   <trkpt lat="37.97793" lon="-122.76054">
    <ele>374.64000000000004</ele>
   </trkpt>
   <trkpt lat="37.97786" lon="-122.76054">
    <ele>375.20000000000005</ele>
   </trkpt>
   <trkpt lat="37.97742" lon="-122.76005">
    <ele>377.53000000000003</ele>
   </trkpt>
   <trkpt lat="37.97729" lon="-122.75987">
    <ele>377.29</ele>
   </trkpt>
   <trkpt lat="37.976870000000005" lon="-122.75919">
    <ele>379.03000000000003</ele>
   </trkpt>
   <trkpt lat="37.97674000000001" lon="-122.75905000000002">
    <ele>381.23</ele>
   </trkpt>
   <trkpt lat="37.976560000000006" lon="-122.75867000000001">
    <ele>383.3</ele>
   </trkpt>
   <trkpt lat="37.97619" lon="-122.75811000000002">
    <ele>385.27000000000004</ele>
   </trkpt>
   <trkpt lat="37.976110000000006" lon="-122.75794">
    <ele>385.33</ele>
   </trkpt>
   <trkpt lat="37.9757" lon="-122.75731">
    <ele>387.65000000000003</ele>
   </trkpt>
   <trkpt lat="37.975500000000004" lon="-122.75686">
    <ele>389.19000000000005</ele>
   </trkpt>
   <trkpt lat="37.975190000000005" lon="-122.75637">
    <ele>389.53000000000003</ele>
   </trkpt>
   <trkpt lat="37.974970000000006" lon="-122.7561">
    <ele>390.15000000000003</ele>
   </trkpt>
   <trkpt lat="37.97471" lon="-122.75566">
    <ele>392.64000000000004</ele>
   </trkpt>
   <trkpt lat="37.9746" lon="-122.75543">
    <ele>391.94</ele>
   </trkpt>
   <trkpt lat="37.97448" lon="-122.75508">
    <ele>390.25000000000006</ele>
   </trkpt>
   <trkpt lat="37.97444" lon="-122.75503">
    <ele>388.95</ele>
   </trkpt>
   <trkpt lat="37.974250000000005" lon="-122.75459000000001">
    <ele>386.63</ele>
   </trkpt>
   <trkpt lat="37.974180000000004" lon="-122.75436">
    <ele>385.68</ele>
   </trkpt>
   <trkpt lat="37.97419" lon="-122.75379000000001">
    <ele>381.59000000000003</ele>
   </trkpt>
   <trkpt lat="37.974160000000005" lon="-122.75373">
    <ele>381.59000000000003</ele>
   </trkpt>
   <trkpt lat="37.974090000000004" lon="-122.75361000000001">
    <ele>379.13</ele>
   </trkpt>
   <trkpt lat="37.97379" lon="-122.7536">
    <ele>377.08000000000004</ele>
   </trkpt>
   <trkpt lat="37.973690000000005" lon="-122.75355">
    <ele>376.43</ele>
   </trkpt>
   <trkpt lat="37.97335" lon="-122.75309000000001">
    <ele>374.02000000000004</ele>
   </trkpt>
   <trkpt lat="37.973200000000006" lon="-122.75283">
    <ele>372.46</ele>
   </trkpt>
   <trkpt lat="37.973110000000005" lon="-122.7523">
    <ele>369.98</ele>
   </trkpt>
   <trkpt lat="37.973060000000004" lon="-122.75167">
    <ele>370.43</ele>
   </trkpt>
   <trkpt lat="37.97289" lon="-122.75158">
    <ele>371.21000000000004</ele>
   </trkpt>
   <trkpt lat="37.97285" lon="-122.75154">
    <ele>371.18</ele>
   </trkpt>
   <trkpt lat="37.972590000000004" lon="-122.75136">
    <ele>370.42</ele>
   </trkpt>
   <trkpt lat="37.97233000000001" lon="-122.75104">
    <ele>370.73</ele>
   </trkpt>
   <trkpt lat="37.972120000000004" lon="-122.75086">
    <ele>371.97</ele>
   </trkpt>
   <trkpt lat="37.97196" lon="-122.75082">
    <ele>372.1700000000001</ele>
   </trkpt>
   <trkpt lat="37.971740000000004" lon="-122.75090000000002">
    <ele>372.88000000000005</ele>
   </trkpt>
   <trkpt lat="37.97167" lon="-122.75095">
    <ele>372.72</ele>
   </trkpt>
   <trkpt lat="37.97146" lon="-122.75136">
    <ele>371.54</ele>
   </trkpt>
   <trkpt lat="37.97086" lon="-122.75167">
    <ele>368.64000000000004</ele>
   </trkpt>
   <trkpt lat="37.97059" lon="-122.75185">
    <ele>365.15000000000003</ele>
   </trkpt>
   <trkpt lat="37.97041" lon="-122.75203">
    <ele>363.18</ele>
   </trkpt>
   <trkpt lat="37.97026" lon="-122.75203">
    <ele>362.16</ele>
   </trkpt>
   <trkpt lat="37.96981" lon="-122.75171000000002">
    <ele>368.51</ele>
   </trkpt>
   <trkpt lat="37.969530000000006" lon="-122.75137000000001">
    <ele>372.08000000000004</ele>
   </trkpt>
   <trkpt lat="37.969080000000005" lon="-122.75078">
    <ele>367.93</ele>
   </trkpt>
   <trkpt lat="37.96896" lon="-122.75052000000001">
    <ele>366.65000000000003</ele>
   </trkpt>
   <trkpt lat="37.968650000000004" lon="-122.75011">
    <ele>368.18</ele>
   </trkpt>
   <trkpt lat="37.96846" lon="-122.75001">
    <ele>372.20000000000005</ele>
   </trkpt>
   <trkpt lat="37.96815" lon="-122.74996000000002">
    <ele>374.91</ele>
   </trkpt>
   <trkpt lat="37.96804" lon="-122.74997">
    <ele>376.65000000000003</ele>
   </trkpt>
   <trkpt lat="37.96781" lon="-122.7501">
    <ele>380.0</ele>
   </trkpt>
   <trkpt lat="37.96766" lon="-122.75006">
    <ele>380.51</ele>
   </trkpt>
   <trkpt lat="37.96757" lon="-122.74998000000001">
    <ele>381.07</ele>
   </trkpt>
   <trkpt lat="37.96723" lon="-122.74967000000001">
    <ele>386.49000000000007</ele>
   </trkpt>
   <trkpt lat="37.96697" lon="-122.74926">
    <ele>386.39</ele>
   </trkpt>
   <trkpt lat="37.96683" lon="-122.74911000000002">
    <ele>384.35</ele>
   </trkpt>
   <trkpt lat="37.96667" lon="-122.74889">
    <ele>381.25</ele>
   </trkpt>
   <trkpt lat="37.966480000000004" lon="-122.7485">
    <ele>379.86</ele>
   </trkpt>
   <trkpt lat="37.966060000000006" lon="-122.74814">
    <ele>382.38000000000005</ele>
   </trkpt>
   <trkpt lat="37.965680000000006" lon="-122.74791">
    <ele>389.22</ele>
   </trkpt>
   <trkpt lat="37.96546" lon="-122.74782">
    <ele>390.79</ele>
   </trkpt>
   <trkpt lat="37.96515" lon="-122.74764">
    <ele>396.71</ele>
   </trkpt>
   <trkpt lat="37.965070000000004" lon="-122.74755">
    <ele>396.71</ele>
   </trkpt>
   <trkpt lat="37.96477" lon="-122.74737">
    <ele>401.99</ele>
   </trkpt>
   <trkpt lat="37.964290000000005" lon="-122.74679">
    <ele>409.44</ele>
   </trkpt>
   <trkpt lat="37.96421" lon="-122.74666">
    <ele>409.47</ele>
   </trkpt>
   <trkpt lat="37.9641" lon="-122.74657">
    <ele>409.01000000000005</ele>
   </trkpt>
   <trkpt lat="37.964000000000006" lon="-122.74644">
    <ele>408.1</ele>
   </trkpt>
   <trkpt lat="37.963910000000006" lon="-122.74625">
    <ele>406.73</ele>
   </trkpt>
   <trkpt lat="37.963890000000006" lon="-122.74598">
    <ele>405.53000000000003</ele>
   </trkpt>
   <trkpt lat="37.963860000000004" lon="-122.74585">
    <ele>405.33000000000004</ele>
   </trkpt>
   <trkpt lat="37.96361" lon="-122.74553000000002">
    <ele>404.57000000000005</ele>
   </trkpt>
   <trkpt lat="37.96327" lon="-122.74522">
    <ele>402.08000000000004</ele>
   </trkpt>
   <trkpt lat="37.963190000000004" lon="-122.74519000000001">
    <ele>401.90000000000003</ele>
   </trkpt>
   <trkpt lat="37.963080000000005" lon="-122.74522">
    <ele>401.4800000000001</ele>
   </trkpt>
   <trkpt lat="37.96302" lon="-122.74522">
    <ele>401.22</ele>
   </trkpt>
   <trkpt lat="37.96291" lon="-122.74514">
    <ele>399.96000000000004</ele>
   </trkpt>
   <trkpt lat="37.96287" lon="-122.74509">
    <ele>399.4200000000001</ele>
   </trkpt>
   <trkpt lat="37.962810000000005" lon="-122.74487">
    <ele>397.17</ele>
   </trkpt>
   <trkpt lat="37.962770000000006" lon="-122.74482">
    <ele>396.59000000000003</ele>
   </trkpt>
   <trkpt lat="37.96235" lon="-122.74446">
    <ele>390.86</ele>
   </trkpt>
   <trkpt lat="37.96228" lon="-122.74429">
    <ele>390.28000000000003</ele>
   </trkpt>
   <trkpt lat="37.962250000000004" lon="-122.74415">
    <ele>388.96000000000004</ele>
   </trkpt>
   <trkpt lat="37.962410000000006" lon="-122.74353">
    <ele>380.3</ele>
   </trkpt>
   <trkpt lat="37.962410000000006" lon="-122.74343">
    <ele>380.3</ele>
   </trkpt>
   <trkpt lat="37.96228" lon="-122.74326">
    <ele>377.26000000000005</ele>
   </trkpt>
   <trkpt lat="37.962120000000006" lon="-122.74321">
    <ele>373.50000000000006</ele>
   </trkpt>
   <trkpt lat="37.96201000000001" lon="-122.74312">
    <ele>372.35</ele>
   </trkpt>
   <trkpt lat="37.96197" lon="-122.74307">
    <ele>370.82000000000005</ele>
   </trkpt>
   <trkpt lat="37.96188" lon="-122.74276">
    <ele>367.26000000000005</ele>
   </trkpt>
   <trkpt lat="37.96162" lon="-122.74249">
    <ele>361.50000000000006</ele>
   </trkpt>
   <trkpt lat="37.96148" lon="-122.74236">
    <ele>358.89000000000004</ele>
   </trkpt>
   <trkpt lat="37.961310000000005" lon="-122.74231">
    <ele>357.38</ele>
   </trkpt>
   <trkpt lat="37.961200000000005" lon="-122.74227">
    <ele>355.51000000000005</ele>
   </trkpt>
   <trkpt lat="37.96103" lon="-122.74196">
    <ele>353.72</ele>
   </trkpt>
   <trkpt lat="37.9609" lon="-122.74178">
    <ele>354.09000000000003</ele>
   </trkpt>
   <trkpt lat="37.960480000000004" lon="-122.74142">
    <ele>354.67</ele>
   </trkpt>
   <trkpt lat="37.960080000000005" lon="-122.74124">
    <ele>359.90000000000003</ele>
   </trkpt>
   <trkpt lat="37.959860000000006" lon="-122.74092000000002">
    <ele>364.81</ele>
   </trkpt>
   <trkpt lat="37.95982" lon="-122.74067000000001">
    <ele>365.33000000000004</ele>
   </trkpt>
   <trkpt lat="37.9596" lon="-122.74039">
    <ele>366.75</ele>
   </trkpt>
   <trkpt lat="37.95957000000001" lon="-122.74039">
    <ele>366.75</ele>
   </trkpt>
   <trkpt lat="37.9596" lon="-122.74040000000001">
    <ele>366.75</ele>
   </trkpt>
   <trkpt lat="37.95947" lon="-122.74034">
    <ele>367.32000000000005</ele>
   </trkpt>
   <trkpt lat="37.95933" lon="-122.74034">
    <ele>368.32000000000005</ele>
   </trkpt>
   <trkpt lat="37.958800000000004" lon="-122.74013000000001">
    <ele>373.04</ele>
   </trkpt>
   <trkpt lat="37.95841" lon="-122.73995000000001">
    <ele>372.00000000000006</ele>
   </trkpt>
   <trkpt lat="37.95835" lon="-122.73995000000001">
    <ele>371.77000000000004</ele>
   </trkpt>
   <trkpt lat="37.95814" lon="-122.74007000000002">
    <ele>371.62</ele>
   </trkpt>
   <trkpt lat="37.958000000000006" lon="-122.74021">
    <ele>372.44000000000005</ele>
   </trkpt>
   <trkpt lat="37.9579" lon="-122.74043">
    <ele>373.79</ele>
   </trkpt>
   <trkpt lat="37.95765" lon="-122.74075">
    <ele>377.58000000000004</ele>
   </trkpt>
   <trkpt lat="37.957390000000004" lon="-122.74076000000001">
    <ele>381.19</ele>
   </trkpt>
   <trkpt lat="37.957260000000005" lon="-122.74075">
    <ele>382.08000000000004</ele>
   </trkpt>
   <trkpt lat="37.95707" lon="-122.74065000000002">
    <ele>381.45</ele>
   </trkpt>
   <trkpt lat="37.9568" lon="-122.74039">
    <ele>379.52000000000004</ele>
   </trkpt>
   <trkpt lat="37.956050000000005" lon="-122.73994">
    <ele>373.56</ele>
   </trkpt>
   <trkpt lat="37.95577" lon="-122.73976">
    <ele>372.09000000000003</ele>
   </trkpt>
   <trkpt lat="37.95562" lon="-122.73945">
    <ele>373.13</ele>
   </trkpt>
   <trkpt lat="37.955540000000006" lon="-122.73937000000001">
    <ele>372.94000000000005</ele>
   </trkpt>
   <trkpt lat="37.95539" lon="-122.73927">
    <ele>372.27000000000004</ele>
   </trkpt>
   <trkpt lat="37.95515" lon="-122.73922">
    <ele>367.79</ele>
   </trkpt>
   <trkpt lat="37.954840000000004" lon="-122.73905">
    <ele>363.52</ele>
   </trkpt>
   <trkpt lat="37.95434" lon="-122.7386">
    <ele>354.90000000000003</ele>
   </trkpt>
   <trkpt lat="37.95416" lon="-122.73824">
    <ele>352.03000000000003</ele>
   </trkpt>
   <trkpt lat="37.954080000000005" lon="-122.73815">
    <ele>350.91</ele>
   </trkpt>
   <trkpt lat="37.953900000000004" lon="-122.73757">
    <ele>347.05</ele>
   </trkpt>
   <trkpt lat="37.953700000000005" lon="-122.73747000000002">
    <ele>347.33000000000004</ele>
   </trkpt>
   <trkpt lat="37.95342" lon="-122.73748">
    <ele>348.14</ele>
   </trkpt>
   <trkpt lat="37.95317" lon="-122.73743">
    <ele>348.46999999999997</ele>
   </trkpt>
   <trkpt lat="37.95308" lon="-122.73743">
    <ele>348.46999999999997</ele>
   </trkpt>
   <trkpt lat="37.952940000000005" lon="-122.73731000000001">
    <ele>348.22</ele>
   </trkpt>
   <trkpt lat="37.9529" lon="-122.73726">
    <ele>348.02000000000004</ele>
   </trkpt>
   <trkpt lat="37.95284" lon="-122.73712">
    <ele>347.53</ele>
   </trkpt>
   <trkpt lat="37.95277" lon="-122.73685">
    <ele>344.69000000000005</ele>
   </trkpt>
   <trkpt lat="37.95273" lon="-122.73680000000002">
    <ele>343.74000000000007</ele>
   </trkpt>
   <trkpt lat="37.95268" lon="-122.73677">
    <ele>343.39000000000004</ele>
   </trkpt>
   <trkpt lat="37.95253" lon="-122.73681">
    <ele>342.79</ele>
   </trkpt>
   <trkpt lat="37.95206" lon="-122.73708">
    <ele>343.01000000000005</ele>
   </trkpt>
   <trkpt lat="37.951910000000005" lon="-122.73721">
    <ele>344.67</ele>
   </trkpt>
   <trkpt lat="37.951690000000006" lon="-122.73734">
    <ele>348.05</ele>
   </trkpt>
   <trkpt lat="37.951640000000005" lon="-122.73740000000001">
    <ele>349.27000000000004</ele>
   </trkpt>
   <trkpt lat="37.95159" lon="-122.73743">
    <ele>349.80000000000007</ele>
   </trkpt>
   <trkpt lat="37.951510000000006" lon="-122.73740000000001">
    <ele>350.68000000000006</ele>
   </trkpt>
   <trkpt lat="37.951240000000006" lon="-122.73743">
    <ele>352.07000000000005</ele>
   </trkpt>
   <trkpt lat="37.950860000000006" lon="-122.73734">
    <ele>353.00000000000006</ele>
   </trkpt>
   <trkpt lat="37.95053" lon="-122.73735">
    <ele>353.52000000000004</ele>
   </trkpt>
   <trkpt lat="37.94973" lon="-122.73717">
    <ele>348.46999999999997</ele>
   </trkpt>
   <trkpt lat="37.9491650001429" lon="-122.7373250011807">
    <ele>342.90000000000003</ele>
   </trkpt>
   <trkpt lat="37.948600000000006" lon="-122.73748">
    <ele>338.04</ele>
   </trkpt>
   <trkpt lat="37.948440000000005" lon="-122.73740000000001">
    <ele>337.17</ele>
   </trkpt>
   <trkpt lat="37.948240000000006" lon="-122.73729000000002">
    <ele>336.55</ele>
   </trkpt>
   <trkpt lat="37.947990000000004" lon="-122.73703">
    <ele>336.36</ele>
   </trkpt>
   <trkpt lat="37.947700000000005" lon="-122.73682000000001">
    <ele>336.32</ele>
   </trkpt>
   <trkpt lat="37.947570000000006" lon="-122.73672">
    <ele>335.26</ele>
   </trkpt>
   <trkpt lat="37.947340000000004" lon="-122.7364">
    <ele>333.81000000000006</ele>
   </trkpt>
   <trkpt lat="37.94713" lon="-122.73587">
    <ele>331.86</ele>
   </trkpt>
   <trkpt lat="37.947100000000006" lon="-122.73573">
    <ele>331.77</ele>
   </trkpt>
   <trkpt lat="37.94715" lon="-122.73555">
    <ele>331.39</ele>
   </trkpt>
   <trkpt lat="37.94729" lon="-122.73534000000001">
    <ele>329.48</ele>
   </trkpt>
   <trkpt lat="37.947120000000005" lon="-122.73476000000001">
    <ele>320.69</ele>
   </trkpt>
   <trkpt lat="37.946870000000004" lon="-122.73425">
    <ele>311.68</ele>
   </trkpt>
   <trkpt lat="37.946760000000005" lon="-122.73412">
    <ele>309.41</ele>
   </trkpt>
   <trkpt lat="37.946650000000005" lon="-122.73408">
    <ele>308.18</ele>
   </trkpt>
   <trkpt lat="37.94652" lon="-122.73407000000002">
    <ele>305.55</ele>
   </trkpt>
   <trkpt lat="37.94628" lon="-122.73409000000001">
    <ele>302.9</ele>
   </trkpt>
   <trkpt lat="37.946130000000004" lon="-122.73408">
    <ele>298.91</ele>
   </trkpt>
   <trkpt lat="37.945910000000005" lon="-122.73412">
    <ele>294.69</ele>
   </trkpt>
   <trkpt lat="37.94576" lon="-122.73412">
    <ele>293.08</ele>
   </trkpt>
   <trkpt lat="37.94554" lon="-122.73407000000002">
    <ele>289.26</ele>
   </trkpt>
   <trkpt lat="37.945190000000004" lon="-122.7339">
    <ele>285.09000000000003</ele>
   </trkpt>
   <trkpt lat="37.944840000000006" lon="-122.73381">
    <ele>283.5</ele>
   </trkpt>
   <trkpt lat="37.94431" lon="-122.73359">
    <ele>283.53</ele>
   </trkpt>
   <trkpt lat="37.944050000000004" lon="-122.73354">
    <ele>282.85</ele>
   </trkpt>
   <trkpt lat="37.943650000000005" lon="-122.7334">
    <ele>282.55</ele>
   </trkpt>
   <trkpt lat="37.9435" lon="-122.73328000000001">
    <ele>282.92</ele>
   </trkpt>
   <trkpt lat="37.94326" lon="-122.73318">
    <ele>284.08</ele>
   </trkpt>
   <trkpt lat="37.94299" lon="-122.73292000000001">
    <ele>285.94</ele>
   </trkpt>
   <trkpt lat="37.94286" lon="-122.73283">
    <ele>286.09000000000003</ele>
   </trkpt>
   <trkpt lat="37.942750000000004" lon="-122.73279000000001">
    <ele>286.17</ele>
   </trkpt>
   <trkpt lat="37.94257" lon="-122.73278">
    <ele>287.17</ele>
   </trkpt>
   <trkpt lat="37.94243" lon="-122.73286000000002">
    <ele>288.31</ele>
   </trkpt>
   <trkpt lat="37.942080000000004" lon="-122.73291">
    <ele>289.95000000000005</ele>
   </trkpt>
   <trkpt lat="37.94173" lon="-122.73288000000001">
    <ele>290.62000000000006</ele>
   </trkpt>
   <trkpt lat="37.94144" lon="-122.73279000000001">
    <ele>290.25</ele>
   </trkpt>
   <trkpt lat="37.940940000000005" lon="-122.73261000000001">
    <ele>290.61</ele>
   </trkpt>
   <trkpt lat="37.9408" lon="-122.73251">
    <ele>291.65000000000003</ele>
   </trkpt>
   <trkpt lat="37.94061000000001" lon="-122.73242">
    <ele>291.75</ele>
   </trkpt>
   <trkpt lat="37.94035" lon="-122.73224">
    <ele>289.33000000000004</ele>
   </trkpt>
   <trkpt lat="37.94012" lon="-122.73211">
    <ele>288.0</ele>
   </trkpt>
   <trkpt lat="37.939910000000005" lon="-122.73206">
    <ele>286.63</ele>
   </trkpt>
   <trkpt lat="37.939440000000005" lon="-122.73185000000001">
    <ele>281.21000000000004</ele>
   </trkpt>
   <trkpt lat="37.93876" lon="-122.73166">
    <ele>274.55</ele>
   </trkpt>
   <trkpt lat="37.938550000000006" lon="-122.73148">
    <ele>272.21</ele>
   </trkpt>
   <trkpt lat="37.93831" lon="-122.73121">
    <ele>269.43</ele>
   </trkpt>
   <trkpt lat="37.937870000000004" lon="-122.73081">
    <ele>266.86</ele>
   </trkpt>
   <trkpt lat="37.93764" lon="-122.73053000000002">
    <ele>265.25000000000006</ele>
   </trkpt>
   <trkpt lat="37.93753" lon="-122.73044000000002">
    <ele>264.99</ele>
   </trkpt>
   <trkpt lat="37.9373" lon="-122.73018">
    <ele>264.35</ele>
   </trkpt>
   <trkpt lat="37.93728" lon="-122.73009">
    <ele>263.97</ele>
   </trkpt>
   <trkpt lat="37.93712" lon="-122.72996">
    <ele>263.38</ele>
   </trkpt>
   <trkpt lat="37.93695" lon="-122.72987">
    <ele>262.53000000000003</ele>
   </trkpt>
   <trkpt lat="37.936640000000004" lon="-122.72974">
    <ele>261.51</ele>
   </trkpt>
   <trkpt lat="37.936440000000005" lon="-122.72964">
    <ele>261.08000000000004</ele>
   </trkpt>
   <trkpt lat="37.936220000000006" lon="-122.72950000000002">
    <ele>260.69000000000005</ele>
   </trkpt>
   <trkpt lat="37.93603" lon="-122.72946">
    <ele>259.56</ele>
   </trkpt>
   <trkpt lat="37.935950000000005" lon="-122.72946">
    <ele>258.85</ele>
   </trkpt>
   <trkpt lat="37.93571" lon="-122.72952000000001">
    <ele>256.65000000000003</ele>
   </trkpt>
   <trkpt lat="37.93538" lon="-122.72952000000001">
    <ele>253.13000000000002</ele>
   </trkpt>
   <trkpt lat="37.93513" lon="-122.72942">
    <ele>250.84</ele>
   </trkpt>
   <trkpt lat="37.935010000000005" lon="-122.72942">
    <ele>249.69000000000003</ele>
   </trkpt>
   <trkpt lat="37.934850000000004" lon="-122.72933">
    <ele>249.69000000000003</ele>
   </trkpt>
   <trkpt lat="37.93469" lon="-122.72929">
    <ele>248.41000000000003</ele>
   </trkpt>
   <trkpt lat="37.934540000000005" lon="-122.7292">
    <ele>248.03000000000003</ele>
   </trkpt>
   <trkpt lat="37.934450000000005" lon="-122.72907000000001">
    <ele>247.33</ele>
   </trkpt>
   <trkpt lat="37.93437" lon="-122.72889">
    <ele>246.61</ele>
   </trkpt>
   <trkpt lat="37.93426" lon="-122.72856000000002">
    <ele>245.05</ele>
   </trkpt>
   <trkpt lat="37.93426" lon="-122.72847000000002">
    <ele>244.08</ele>
   </trkpt>
   <trkpt lat="37.93422" lon="-122.7283">
    <ele>243.03000000000003</ele>
   </trkpt>
   <trkpt lat="37.93417" lon="-122.7279">
    <ele>239.26000000000002</ele>
   </trkpt>
   <trkpt lat="37.934110000000004" lon="-122.72789000000002">
    <ele>239.26000000000002</ele>
   </trkpt>
   <trkpt lat="37.934070000000006" lon="-122.72781">
    <ele>234.77</ele>
   </trkpt>
   <trkpt lat="37.93397" lon="-122.72768">
    <ele>234.77</ele>
   </trkpt>
   <trkpt lat="37.93359" lon="-122.72747000000001">
    <ele>228.23000000000002</ele>
   </trkpt>
   <trkpt lat="37.933370000000004" lon="-122.72731000000002">
    <ele>222.92000000000002</ele>
   </trkpt>
   <trkpt lat="37.93327" lon="-122.72718">
    <ele>221.15</ele>
   </trkpt>
   <trkpt lat="37.93314" lon="-122.72709">
    <ele>220.10000000000002</ele>
   </trkpt>
   <trkpt lat="37.933150000000005" lon="-122.72710000000001">
    <ele>220.10000000000002</ele>
   </trkpt>
   <trkpt lat="37.933020000000006" lon="-122.72709">
    <ele>219.18</ele>
   </trkpt>
   <trkpt lat="37.93283" lon="-122.72714">
    <ele>217.27</ele>
   </trkpt>
   <trkpt lat="37.93273000000001" lon="-122.72723">
    <ele>215.99</ele>
   </trkpt>
   <trkpt lat="37.932570000000005" lon="-122.72755000000001">
    <ele>211.96</ele>
   </trkpt>
   <trkpt lat="37.93253" lon="-122.72785">
    <ele>209.57</ele>
   </trkpt>
   <trkpt lat="37.9324" lon="-122.72834000000002">
    <ele>205.22</ele>
   </trkpt>
   <trkpt lat="37.93235" lon="-122.72883000000002">
    <ele>197.53</ele>
   </trkpt>
   <trkpt lat="37.93229" lon="-122.72912000000001">
    <ele>194.82000000000002</ele>
   </trkpt>
   <trkpt lat="37.93229" lon="-122.72943000000001">
    <ele>190.85999999999999</ele>
   </trkpt>
   <trkpt lat="37.9322" lon="-122.72995000000002">
    <ele>183.74</ele>
   </trkpt>
   <trkpt lat="37.932080000000006" lon="-122.73032">
    <ele>180.45000000000002</ele>
   </trkpt>
   <trkpt lat="37.931960000000004" lon="-122.73059">
    <ele>175.73000000000002</ele>
   </trkpt>
   <trkpt lat="37.931940000000004" lon="-122.73072">
    <ele>173.76000000000002</ele>
   </trkpt>
   <trkpt lat="37.9318" lon="-122.73094">
    <ele>168.38</ele>
   </trkpt>
   <trkpt lat="37.93153" lon="-122.73112">
    <ele>160.57999999999998</ele>
   </trkpt>
   <trkpt lat="37.931400000000004" lon="-122.73112">
    <ele>160.57999999999998</ele>
   </trkpt>
   <trkpt lat="37.931140000000006" lon="-122.73108">
    <ele>154.32000000000002</ele>
   </trkpt>
   <trkpt lat="37.93095" lon="-122.73109000000001">
    <ele>150.17000000000002</ele>
   </trkpt>
   <trkpt lat="37.930690000000006" lon="-122.73113000000001">
    <ele>146.92000000000002</ele>
   </trkpt>
   <trkpt lat="37.93056" lon="-122.73118000000001">
    <ele>143.76</ele>
   </trkpt>
   <trkpt lat="37.93045" lon="-122.73127000000001">
    <ele>141.31</ele>
   </trkpt>
   <trkpt lat="37.92994" lon="-122.73147000000002">
    <ele>131.10000000000002</ele>
   </trkpt>
   <trkpt lat="37.92938" lon="-122.73171">
    <ele>121.66</ele>
   </trkpt>
   <trkpt lat="37.92916" lon="-122.73193">
    <ele>115.23</ele>
   </trkpt>
   <trkpt lat="37.929030000000004" lon="-122.73211">
    <ele>112.71000000000001</ele>
   </trkpt>
   <trkpt lat="37.92884" lon="-122.73264">
    <ele>104.05</ele>
   </trkpt>
   <trkpt lat="37.92878" lon="-122.73288000000001">
    <ele>100.46000000000001</ele>
   </trkpt>
   <trkpt lat="37.92878" lon="-122.73287">
    <ele>100.46000000000001</ele>
   </trkpt>
   <trkpt lat="37.92878" lon="-122.73296">
    <ele>99.31</ele>
   </trkpt>
   <trkpt lat="37.928850000000004" lon="-122.73309">
    <ele>97.35000000000001</ele>
   </trkpt>
   <trkpt lat="37.92897" lon="-122.73309">
    <ele>95.62</ele>
   </trkpt>
   <trkpt lat="37.929260000000006" lon="-122.73291">
    <ele>93.12</ele>
   </trkpt>
   <trkpt lat="37.929390000000005" lon="-122.73295000000002">
    <ele>92.26</ele>
   </trkpt>
   <trkpt lat="37.92949" lon="-122.73301000000001">
    <ele>91.50000000000001</ele>
   </trkpt>
   <trkpt lat="37.929500000000004" lon="-122.73309">
    <ele>90.2</ele>
   </trkpt>
   <trkpt lat="37.929410000000004" lon="-122.73324000000001">
    <ele>87.33</ele>
   </trkpt>
   <trkpt lat="37.9294" lon="-122.73337000000001">
    <ele>85.48</ele>
   </trkpt>
   <trkpt lat="37.929770000000005" lon="-122.73345">
    <ele>85.56</ele>
   </trkpt>
   <trkpt lat="37.93028" lon="-122.73359">
    <ele>85.91</ele>
   </trkpt>
   <trkpt lat="37.93063" lon="-122.73363">
    <ele>86.3</ele>
   </trkpt>
   <trkpt lat="37.93079" lon="-122.73359">
    <ele>86.36</ele>
   </trkpt>
   <trkpt lat="37.931180000000005" lon="-122.7334">
    <ele>85.82000000000001</ele>
   </trkpt>
   <trkpt lat="37.93126" lon="-122.73336">
    <ele>85.82000000000001</ele>
   </trkpt>
   <trkpt lat="37.93132000000001" lon="-122.73337000000001">
    <ele>85.59000000000002</ele>
   </trkpt>
   <trkpt lat="37.93135" lon="-122.7334">
    <ele>85.59000000000002</ele>
   </trkpt>
   <trkpt lat="37.93139" lon="-122.73349">
    <ele>85.29</ele>
   </trkpt>
   <trkpt lat="37.93146" lon="-122.73385">
    <ele>83.60000000000001</ele>
   </trkpt>
   <trkpt lat="37.93155" lon="-122.73398000000002">
    <ele>83.23</ele>
   </trkpt>
   <trkpt lat="37.93229" lon="-122.73460000000001">
    <ele>79.88000000000001</ele>
   </trkpt>
   <trkpt lat="37.932300000000005" lon="-122.73461">
    <ele>79.88000000000001</ele>
   </trkpt>
   <trkpt lat="37.93233" lon="-122.7348">
    <ele>77.58000000000001</ele>
   </trkpt>
   <trkpt lat="37.93224" lon="-122.73502">
    <ele>74.59</ele>
   </trkpt>
   <trkpt lat="37.932050000000004" lon="-122.73515">
    <ele>71.75</ele>
   </trkpt>
   <trkpt lat="37.931520000000006" lon="-122.73542">
    <ele>73.37</ele>
   </trkpt>
   <trkpt lat="37.93117" lon="-122.73552000000001">
    <ele>77.79</ele>
   </trkpt>
   <trkpt lat="37.9307" lon="-122.73587">
    <ele>81.85000000000001</ele>
   </trkpt>
   <trkpt lat="37.930330000000005" lon="-122.73627">
    <ele>84.46000000000001</ele>
   </trkpt>
   <trkpt lat="37.93025" lon="-122.73642000000001">
    <ele>84.46000000000001</ele>
   </trkpt>
   <trkpt lat="37.93023" lon="-122.73654">
    <ele>84.46000000000001</ele>
   </trkpt>
   <trkpt lat="37.93016667367441" lon="-122.73745000156575">
    <ele>84.39</ele>
   </trkpt>
   <trkpt lat="37.93010334034121" lon="-122.73836000156372">
    <ele>83.14</ele>
   </trkpt>
   <trkpt lat="37.930040000000005" lon="-122.73927">
    <ele>80.57000000000001</ele>
   </trkpt>
   <trkpt lat="37.93007" lon="-122.73976">
    <ele>77.22000000000001</ele>
   </trkpt>
   <trkpt lat="37.93014" lon="-122.74043">
    <ele>76.17</ele>
   </trkpt>
   <trkpt lat="37.930240000000005" lon="-122.74098000000001">
    <ele>76.08000000000001</ele>
   </trkpt>
   <trkpt lat="37.93023" lon="-122.74097">
    <ele>76.08000000000001</ele>
   </trkpt>
   <trkpt lat="37.93037" lon="-122.74151">
    <ele>76.43</ele>
   </trkpt>
   <trkpt lat="37.93059" lon="-122.74224000000001">
    <ele>76.61000000000001</ele>
   </trkpt>
   <trkpt lat="37.93085000000001" lon="-122.74281">
    <ele>77.38000000000001</ele>
   </trkpt>
   <trkpt lat="37.93101" lon="-122.74311000000002">
    <ele>77.7</ele>
   </trkpt>
   <trkpt lat="37.931230000000006" lon="-122.74340000000001">
    <ele>77.78</ele>
   </trkpt>
   <trkpt lat="37.93137" lon="-122.74356000000002">
    <ele>77.79</ele>
   </trkpt>
   <trkpt lat="37.93171" lon="-122.74384">
    <ele>77.43</ele>
   </trkpt>
   <trkpt lat="37.93187" lon="-122.7441">
    <ele>77.41000000000001</ele>
   </trkpt>
   <trkpt lat="37.93206" lon="-122.74461000000001">
    <ele>77.52000000000001</ele>
   </trkpt>
   <trkpt lat="37.932230000000004" lon="-122.74496">
    <ele>77.21</ele>
   </trkpt>
   <trkpt lat="37.93267" lon="-122.74563">
    <ele>77.36000000000001</ele>
   </trkpt>
   <trkpt lat="37.932930000000006" lon="-122.7459">
    <ele>77.80000000000001</ele>
   </trkpt>
   <trkpt lat="37.933330000000005" lon="-122.74616">
    <ele>79.67</ele>
   </trkpt>
   <trkpt lat="37.93343" lon="-122.74620000000002">
    <ele>80.05000000000001</ele>
   </trkpt>
   <trkpt lat="37.93366" lon="-122.74612">
    <ele>80.42</ele>
   </trkpt>
   <trkpt lat="37.93375" lon="-122.74612">
    <ele>80.26</ele>
   </trkpt>
   <trkpt lat="37.933840000000004" lon="-122.74617">
    <ele>80.26</ele>
   </trkpt>
   <trkpt lat="37.934180000000005" lon="-122.74663000000001">
    <ele>81.62</ele>
   </trkpt>
   <trkpt lat="37.93442" lon="-122.74716000000001">
    <ele>85.19</ele>
   </trkpt>
   <trkpt lat="37.93464" lon="-122.74738">
    <ele>86.18</ele>
   </trkpt>
   <trkpt lat="37.934670000000004" lon="-122.74738">
    <ele>86.33</ele>
   </trkpt>
   <trkpt lat="37.93507" lon="-122.74770000000001">
    <ele>86.45000000000002</ele>
   </trkpt>
   <trkpt lat="37.93515" lon="-122.74782">
    <ele>86.56000000000002</ele>
   </trkpt>
   <trkpt lat="37.93515" lon="-122.74823">
    <ele>88.06000000000002</ele>
   </trkpt>
   <trkpt lat="37.93509" lon="-122.74881">
    <ele>87.47</ele>
   </trkpt>
   <trkpt lat="37.93509" lon="-122.74898">
    <ele>87.96000000000001</ele>
   </trkpt>
   <trkpt lat="37.93518" lon="-122.7493">
    <ele>89.43</ele>
   </trkpt>
   <trkpt lat="37.935320000000004" lon="-122.74965000000002">
    <ele>91.48</ele>
   </trkpt>
   <trkpt lat="37.93558" lon="-122.7501">
    <ele>92.96</ele>
   </trkpt>
   <trkpt lat="37.93573000000001" lon="-122.75025000000001">
    <ele>94.06</ele>
   </trkpt>
   <trkpt lat="37.936080000000004" lon="-122.75028">
    <ele>96.85000000000001</ele>
   </trkpt>
   <trkpt lat="37.936400000000006" lon="-122.75028">
    <ele>100.76</ele>
   </trkpt>
   <trkpt lat="37.93663" lon="-122.7502">
    <ele>102.10000000000001</ele>
   </trkpt>
   <trkpt lat="37.93668" lon="-122.75024">
    <ele>102.31000000000002</ele>
   </trkpt>
   <trkpt lat="37.93672" lon="-122.75028">
    <ele>102.46000000000001</ele>
   </trkpt>
   <trkpt lat="37.93672" lon="-122.75034000000001">
    <ele>102.53</ele>
   </trkpt>
   <trkpt lat="37.936690000000006" lon="-122.75038">
    <ele>102.53</ele>
   </trkpt>
   <trkpt lat="37.93616" lon="-122.75064">
    <ele>99.27000000000001</ele>
   </trkpt>
   <trkpt lat="37.935970000000005" lon="-122.75078">
    <ele>98.04</ele>
   </trkpt>
   <trkpt lat="37.93582" lon="-122.75095">
    <ele>97.26</ele>
   </trkpt>
   <trkpt lat="37.93571" lon="-122.75118">
    <ele>96.58000000000001</ele>
   </trkpt>
   <trkpt lat="37.93567" lon="-122.75132">
    <ele>96.46000000000001</ele>
   </trkpt>
   <trkpt lat="37.93565" lon="-122.75149">
    <ele>96.35000000000001</ele>
   </trkpt>
   <trkpt lat="37.935660000000006" lon="-122.75173000000001">
    <ele>96.25</ele>
   </trkpt>
   <trkpt lat="37.935840002411354" lon="-122.75248499814856">
    <ele>96.39</ele>
   </trkpt>
   <trkpt lat="37.936020000000006" lon="-122.75324">
    <ele>97.77000000000001</ele>
   </trkpt>
   <trkpt lat="37.936060000000005" lon="-122.75370000000001">
    <ele>99.7</ele>
   </trkpt>
   <trkpt lat="37.936150000000005" lon="-122.754">
    <ele>100.47</ele>
   </trkpt>
   <trkpt lat="37.93623" lon="-122.7544">
    <ele>98.42</ele>
   </trkpt>
   <trkpt lat="37.936280000000004" lon="-122.75445">
    <ele>98.42</ele>
   </trkpt>
   <trkpt lat="37.93634" lon="-122.75445">
    <ele>95.65</ele>
   </trkpt>
   <trkpt lat="37.93647" lon="-122.75444000000002">
    <ele>95.01</ele>
   </trkpt>
   <trkpt lat="37.936690000000006" lon="-122.75431">
    <ele>91.48</ele>
   </trkpt>
   <trkpt lat="37.936870000000006" lon="-122.75422">
    <ele>88.4</ele>
   </trkpt>
   <trkpt lat="37.93697" lon="-122.75422">
    <ele>87.41</ele>
   </trkpt>
   <trkpt lat="37.937200000000004" lon="-122.75425000000001">
    <ele>86.03</ele>
   </trkpt>
   <trkpt lat="37.937270000000005" lon="-122.75436">
    <ele>85.98</ele>
   </trkpt>
   <trkpt lat="37.9373" lon="-122.75446000000001">
    <ele>86.44</ele>
   </trkpt>
   <trkpt lat="37.93739" lon="-122.75467">
    <ele>87.81000000000002</ele>
   </trkpt>
   <trkpt lat="37.93741" lon="-122.75481">
    <ele>87.81000000000002</ele>
   </trkpt>
   <trkpt lat="37.93739" lon="-122.75498">
    <ele>88.06000000000002</ele>
   </trkpt>
   <trkpt lat="37.93732" lon="-122.75508">
    <ele>87.78000000000002</ele>
   </trkpt>
   <trkpt lat="37.93722" lon="-122.75520000000002">
    <ele>87.17000000000002</ele>
   </trkpt>
   <trkpt lat="37.93688" lon="-122.75538000000002">
    <ele>87.29</ele>
   </trkpt>
   <trkpt lat="37.93675" lon="-122.75547000000002">
    <ele>88.08</ele>
   </trkpt>
   <trkpt lat="37.936640000000004" lon="-122.75558000000001">
    <ele>89.65</ele>
   </trkpt>
   <trkpt lat="37.93661" lon="-122.75566">
    <ele>92.67</ele>
   </trkpt>
   <trkpt lat="37.93659" lon="-122.75580000000001">
    <ele>92.67</ele>
   </trkpt>
   <trkpt lat="37.93663" lon="-122.75606">
    <ele>95.5</ele>
   </trkpt>
   <trkpt lat="37.936690000000006" lon="-122.75624">
    <ele>96.87</ele>
   </trkpt>
   <trkpt lat="37.93686" lon="-122.75646">
    <ele>97.71000000000001</ele>
   </trkpt>
   <trkpt lat="37.93715" lon="-122.75673">
    <ele>98.66000000000001</ele>
   </trkpt>
   <trkpt lat="37.937270000000005" lon="-122.75695">
    <ele>99.18</ele>
   </trkpt>
   <trkpt lat="37.93726" lon="-122.75709">
    <ele>99.2</ele>
   </trkpt>
   <trkpt lat="37.93719" lon="-122.75718">
    <ele>99.18</ele>
   </trkpt>
   <trkpt lat="37.93719" lon="-122.75732">
    <ele>98.97</ele>
   </trkpt>
   <trkpt lat="37.93722" lon="-122.75745">
    <ele>98.64</ele>
   </trkpt>
   <trkpt lat="37.937290000000004" lon="-122.75754">
    <ele>98.14</ele>
   </trkpt>
   <trkpt lat="37.93737" lon="-122.75843">
    <ele>92.50000000000001</ele>
   </trkpt>
   <trkpt lat="37.93733" lon="-122.75857">
    <ele>91.42</ele>
   </trkpt>
   <trkpt lat="37.93741" lon="-122.75883">
    <ele>90.45</ele>
   </trkpt>
   <trkpt lat="37.93742" lon="-122.75907000000001">
    <ele>90.2</ele>
   </trkpt>
   <trkpt lat="37.93757" lon="-122.75977">
    <ele>91.82000000000001</ele>
   </trkpt>
   <trkpt lat="37.93773" lon="-122.76018">
    <ele>92.96</ele>
   </trkpt>
   <trkpt lat="37.93775" lon="-122.76062">
    <ele>94.51</ele>
   </trkpt>
   <trkpt lat="37.937720000000006" lon="-122.76089">
    <ele>95.36000000000001</ele>
   </trkpt>
   <trkpt lat="37.93764" lon="-122.76125">
    <ele>96.86</ele>
   </trkpt>
   <trkpt lat="37.937650000000005" lon="-122.76156000000002">
    <ele>97.54</ele>
   </trkpt>
   <trkpt lat="37.93771" lon="-122.76183">
    <ele>98.11</ele>
   </trkpt>
   <trkpt lat="37.93777" lon="-122.76197">
    <ele>98.61</ele>
   </trkpt>
   <trkpt lat="37.937810000000006" lon="-122.76204000000001">
    <ele>98.61</ele>
   </trkpt>
   <trkpt lat="37.937940000000005" lon="-122.76214000000002">
    <ele>99.25</ele>
   </trkpt>
   <trkpt lat="37.93827" lon="-122.76228">
    <ele>101.26</ele>
   </trkpt>
   <trkpt lat="37.93842" lon="-122.76228">
    <ele>101.26</ele>
   </trkpt>
   <trkpt lat="37.938520000000004" lon="-122.76219">
    <ele>102.79</ele>
   </trkpt>
   <trkpt lat="37.93878" lon="-122.76183">
    <ele>102.84000000000002</ele>
   </trkpt>
   <trkpt lat="37.938880000000005" lon="-122.76158000000001">
    <ele>100.62000000000002</ele>
   </trkpt>
   <trkpt lat="37.93896" lon="-122.76152">
    <ele>100.62000000000002</ele>
   </trkpt>
   <trkpt lat="37.93945" lon="-122.7613">
    <ele>96.13000000000001</ele>
   </trkpt>
   <trkpt lat="37.93967" lon="-122.7613">
    <ele>94.71</ele>
   </trkpt>
   <trkpt lat="37.939800000000005" lon="-122.76125">
    <ele>94.05000000000001</ele>
   </trkpt>
   <trkpt lat="37.93986" lon="-122.76120000000002">
    <ele>93.31</ele>
   </trkpt>
   <trkpt lat="37.94003" lon="-122.76089">
    <ele>90.94000000000001</ele>
   </trkpt>
   <trkpt lat="37.94013" lon="-122.76077000000001">
    <ele>89.19</ele>
   </trkpt>
   <trkpt lat="37.940540000000006" lon="-122.76049">
    <ele>86.55</ele>
   </trkpt>
   <trkpt lat="37.94062" lon="-122.7604">
    <ele>86.60000000000001</ele>
   </trkpt>
   <trkpt lat="37.940670000000004" lon="-122.76036">
    <ele>86.73</ele>
   </trkpt>
   <trkpt lat="37.94077" lon="-122.76036">
    <ele>87.05</ele>
   </trkpt>
   <trkpt lat="37.94084" lon="-122.76041000000001">
    <ele>87.45000000000002</ele>
   </trkpt>
   <trkpt lat="37.94086" lon="-122.76054">
    <ele>87.85000000000001</ele>
   </trkpt>
   <trkpt lat="37.940720000000006" lon="-122.76103">
    <ele>89.96000000000001</ele>
   </trkpt>
   <trkpt lat="37.940760000000004" lon="-122.76152">
    <ele>92.9</ele>
   </trkpt>
   <trkpt lat="37.94073" lon="-122.76161">
    <ele>93.78</ele>
   </trkpt>
   <trkpt lat="37.94066" lon="-122.7617">
    <ele>94.1</ele>
   </trkpt>
   <trkpt lat="37.94044" lon="-122.76188">
    <ele>97.45</ele>
   </trkpt>
   <trkpt lat="37.940380000000005" lon="-122.76202">
    <ele>97.45</ele>
   </trkpt>
   <trkpt lat="37.94037" lon="-122.76255">
    <ele>100.87</ele>
   </trkpt>
   <trkpt lat="37.940380000000005" lon="-122.76290000000002">
    <ele>103.01</ele>
   </trkpt>
   <trkpt lat="37.94041" lon="-122.76305">
    <ele>103.79</ele>
   </trkpt>
   <trkpt lat="37.94044" lon="-122.76313">
    <ele>104.65</ele>
   </trkpt>
   <trkpt lat="37.9405" lon="-122.76318">
    <ele>105.64000000000001</ele>
   </trkpt>
   <trkpt lat="37.94057" lon="-122.76319000000001">
    <ele>105.64000000000001</ele>
   </trkpt>
   <trkpt lat="37.940650000000005" lon="-122.76318">
    <ele>107.31</ele>
   </trkpt>
   <trkpt lat="37.940740000000005" lon="-122.76309">
    <ele>108.85</ele>
   </trkpt>
   <trkpt lat="37.94089" lon="-122.76255">
    <ele>113.95</ele>
   </trkpt>
   <trkpt lat="37.94098" lon="-122.76246">
    <ele>116.07000000000001</ele>
   </trkpt>
   <trkpt lat="37.94122" lon="-122.76233">
    <ele>118.15</ele>
   </trkpt>
   <trkpt lat="37.94133" lon="-122.76225000000001">
    <ele>120.75000000000001</ele>
   </trkpt>
   <trkpt lat="37.94145" lon="-122.76223000000002">
    <ele>121.97000000000001</ele>
   </trkpt>
   <trkpt lat="37.941720000000004" lon="-122.76229000000001">
    <ele>122.35000000000001</ele>
   </trkpt>
   <trkpt lat="37.94196" lon="-122.7622">
    <ele>122.3</ele>
   </trkpt>
   <trkpt lat="37.94202000000001" lon="-122.76216000000001">
    <ele>122.54</ele>
   </trkpt>
   <trkpt lat="37.94205" lon="-122.7621">
    <ele>122.74000000000001</ele>
   </trkpt>
   <trkpt lat="37.942060000000005" lon="-122.76205000000002">
    <ele>123.00000000000001</ele>
   </trkpt>
   <trkpt lat="37.94203" lon="-122.76179">
    <ele>125.25</ele>
   </trkpt>
   <trkpt lat="37.94194" lon="-122.76143">
    <ele>126.89</ele>
   </trkpt>
   <trkpt lat="37.94191" lon="-122.76122000000001">
    <ele>128.03</ele>
   </trkpt>
   <trkpt lat="37.941900000000004" lon="-122.76054">
    <ele>134.93</ele>
   </trkpt>
   <trkpt lat="37.942" lon="-122.76023">
    <ele>137.03</ele>
   </trkpt>
   <trkpt lat="37.94209" lon="-122.76013">
    <ele>137.03</ele>
   </trkpt>
   <trkpt lat="37.9422" lon="-122.76004">
    <ele>138.58</ele>
   </trkpt>
   <trkpt lat="37.94223" lon="-122.75995">
    <ele>138.58</ele>
   </trkpt>
   <trkpt lat="37.942240000000005" lon="-122.75991">
    <ele>138.58</ele>
   </trkpt>
   <trkpt lat="37.942170000000004" lon="-122.7596">
    <ele>141.65</ele>
   </trkpt>
   <trkpt lat="37.942170000000004" lon="-122.75942">
    <ele>142.76</ele>
   </trkpt>
   <trkpt lat="37.9423" lon="-122.75887000000002">
    <ele>146.18</ele>
   </trkpt>
   <trkpt lat="37.94239" lon="-122.75873000000001">
    <ele>146.96</ele>
   </trkpt>
   <trkpt lat="37.942710000000005" lon="-122.75844000000001">
    <ele>148.64000000000001</ele>
   </trkpt>
   <trkpt lat="37.942930000000004" lon="-122.75829000000002">
    <ele>150.78000000000003</ele>
   </trkpt>
   <trkpt lat="37.94306" lon="-122.75822000000001">
    <ele>152.07000000000002</ele>
   </trkpt>
   <trkpt lat="37.943310000000004" lon="-122.75822000000001">
    <ele>154.85000000000002</ele>
   </trkpt>
   <trkpt lat="37.9437" lon="-122.75817">
    <ele>160.64000000000001</ele>
   </trkpt>
   <trkpt lat="37.94386" lon="-122.75813000000001">
    <ele>163.41</ele>
   </trkpt>
   <trkpt lat="37.944280000000006" lon="-122.7578">
    <ele>171.68000000000004</ele>
   </trkpt>
   <trkpt lat="37.944340000000004" lon="-122.75777000000001">
    <ele>172.17000000000002</ele>
   </trkpt>
   <trkpt lat="37.94444" lon="-122.75776">
    <ele>172.6</ele>
   </trkpt>
   <trkpt lat="37.94464" lon="-122.75776">
    <ele>174.11</ele>
   </trkpt>
   <trkpt lat="37.944840000000006" lon="-122.75771">
    <ele>176.70000000000002</ele>
   </trkpt>
   <trkpt lat="37.94523" lon="-122.75758">
    <ele>177.92000000000002</ele>
   </trkpt>
   <trkpt lat="37.94549000000001" lon="-122.75763">
    <ele>175.99</ele>
   </trkpt>
   <trkpt lat="37.94577" lon="-122.75758">
    <ele>174.15000000000003</ele>
   </trkpt>
   <trkpt lat="37.94601" lon="-122.75750000000001">
    <ele>173.59000000000003</ele>
   </trkpt>
   <trkpt lat="37.94628" lon="-122.75727">
    <ele>173.68</ele>
   </trkpt>
   <trkpt lat="37.94637" lon="-122.75723">
    <ele>174.1</ele>
   </trkpt>
   <trkpt lat="37.946380000000005" lon="-122.75723">
    <ele>174.1</ele>
   </trkpt>
   <trkpt lat="37.946490000000004" lon="-122.75722">
    <ele>174.3</ele>
   </trkpt>
   <trkpt lat="37.946600000000004" lon="-122.75727">
    <ele>174.05</ele>
   </trkpt>
   <trkpt lat="37.946670000000005" lon="-122.75733000000001">
    <ele>173.72</ele>
   </trkpt>
   <trkpt lat="37.946760000000005" lon="-122.75749">
    <ele>173.19</ele>
   </trkpt>
   <trkpt lat="37.946920000000006" lon="-122.75763">
    <ele>172.70000000000002</ele>
   </trkpt>
   <trkpt lat="37.947710000861335" lon="-122.75810499483649">
    <ele>172.39000000000001</ele>
   </trkpt>
   <trkpt lat="37.9485" lon="-122.75858000000001">
    <ele>169.16</ele>
   </trkpt>
   <trkpt lat="37.94905" lon="-122.75884">
    <ele>167.29000000000002</ele>
   </trkpt>
   <trkpt lat="37.94977" lon="-122.75902">
    <ele>166.11</ele>
   </trkpt>
   <trkpt lat="37.949920000000006" lon="-122.75907000000001">
    <ele>166.39000000000001</ele>
   </trkpt>
   <trkpt lat="37.950160000000004" lon="-122.75919">
    <ele>166.34</ele>
   </trkpt>
   <trkpt lat="37.950390000000006" lon="-122.75937">
    <ele>165.20000000000002</ele>
   </trkpt>
   <trkpt lat="37.950700000000005" lon="-122.75973">
    <ele>162.38000000000002</ele>
   </trkpt>
   <trkpt lat="37.95098" lon="-122.76017000000002">
    <ele>160.26000000000002</ele>
   </trkpt>
   <trkpt lat="37.95098" lon="-122.76018">
    <ele>160.26000000000002</ele>
   </trkpt>
   <trkpt lat="37.951080000000005" lon="-122.76045">
    <ele>157.63000000000002</ele>
   </trkpt>
   <trkpt lat="37.951150000000005" lon="-122.76077000000001">
    <ele>151.7</ele>
   </trkpt>
   <trkpt lat="37.9512" lon="-122.76089">
    <ele>151.7</ele>
   </trkpt>
   <trkpt lat="37.951240000000006" lon="-122.76107">
    <ele>148.14000000000001</ele>
   </trkpt>
   <trkpt lat="37.95139" lon="-122.76134">
    <ele>145.52</ele>
   </trkpt>
   <trkpt lat="37.951530000000005" lon="-122.76144000000001">
    <ele>143.41</ele>
   </trkpt>
   <trkpt lat="37.951620000000005" lon="-122.76157">
    <ele>142.12000000000003</ele>
   </trkpt>
   <trkpt lat="37.951840000000004" lon="-122.76201">
    <ele>139.06</ele>
   </trkpt>
   <trkpt lat="37.95196" lon="-122.76250000000002">
    <ele>138.62</ele>
   </trkpt>
   <trkpt lat="37.95217500130022" lon="-122.76305999829098">
    <ele>135.32000000000002</ele>
   </trkpt>
   <trkpt lat="37.95239" lon="-122.76362">
    <ele>129.29000000000002</ele>
   </trkpt>
   <trkpt lat="37.95248" lon="-122.76403">
    <ele>128.35000000000002</ele>
   </trkpt>
   <trkpt lat="37.95268" lon="-122.76439">
    <ele>126.37</ele>
   </trkpt>
   <trkpt lat="37.952740000000006" lon="-122.76464000000001">
    <ele>126.38000000000002</ele>
   </trkpt>
   <trkpt lat="37.9528" lon="-122.76505000000002">
    <ele>128.01000000000002</ele>
   </trkpt>
   <trkpt lat="37.95268" lon="-122.76604">
    <ele>134.21</ele>
   </trkpt>
   <trkpt lat="37.952760000000005" lon="-122.76667">
    <ele>139.93</ele>
   </trkpt>
   <trkpt lat="37.95268" lon="-122.76689">
    <ele>144.81000000000003</ele>
   </trkpt>
   <trkpt lat="37.952580000000005" lon="-122.76698">
    <ele>146.01</ele>
   </trkpt>
   <trkpt lat="37.952490000000004" lon="-122.76716">
    <ele>147.49</ele>
   </trkpt>
   <trkpt lat="37.95246" lon="-122.76726000000001">
    <ele>147.49</ele>
   </trkpt>
   <trkpt lat="37.95248" lon="-122.7677">
    <ele>152.10000000000002</ele>
   </trkpt>
   <trkpt lat="37.95228" lon="-122.76798000000001">
    <ele>152.87</ele>
   </trkpt>
   <trkpt lat="37.952160000000006" lon="-122.7681">
    <ele>152.46</ele>
   </trkpt>
   <trkpt lat="37.95206" lon="-122.76824">
    <ele>152.10000000000002</ele>
   </trkpt>
   <trkpt lat="37.951950000000004" lon="-122.76843000000001">
    <ele>150.79</ele>
   </trkpt>
   <trkpt lat="37.951840000000004" lon="-122.76873">
    <ele>150.28000000000003</ele>
   </trkpt>
   <trkpt lat="37.95172" lon="-122.76892000000001">
    <ele>149.88000000000002</ele>
   </trkpt>
   <trkpt lat="37.951550000000005" lon="-122.76935000000002">
    <ele>148.11</ele>
   </trkpt>
   <trkpt lat="37.951460000000004" lon="-122.76976">
    <ele>142.74</ele>
   </trkpt>
   <trkpt lat="37.95145" lon="-122.77002000000002">
    <ele>140.33</ele>
   </trkpt>
   <trkpt lat="37.95139" lon="-122.77022000000001">
    <ele>139.31</ele>
   </trkpt>
   <trkpt lat="37.95147" lon="-122.77065">
    <ele>134.82000000000002</ele>
   </trkpt>
   <trkpt lat="37.95161" lon="-122.77115">
    <ele>132.26000000000002</ele>
   </trkpt>
   <trkpt lat="37.95165" lon="-122.77141">
    <ele>131.79000000000002</ele>
   </trkpt>
   <trkpt lat="37.951600000000006" lon="-122.77218">
    <ele>129.34</ele>
   </trkpt>
   <trkpt lat="37.95165" lon="-122.77235">
    <ele>129.34</ele>
   </trkpt>
   <trkpt lat="37.95205" lon="-122.77307">
    <ele>125.98</ele>
   </trkpt>
   <trkpt lat="37.95214" lon="-122.77338">
    <ele>124.42000000000002</ele>
   </trkpt>
   <trkpt lat="37.952180000000006" lon="-122.77343">
    <ele>124.00000000000001</ele>
   </trkpt>
   <trkpt lat="37.95237" lon="-122.77352">
    <ele>121.67000000000002</ele>
   </trkpt>
   <trkpt lat="37.95255" lon="-122.77365">
    <ele>119.94</ele>
   </trkpt>
   <trkpt lat="37.95277" lon="-122.77401">
    <ele>115.96000000000001</ele>
   </trkpt>
   <trkpt lat="37.953160000000004" lon="-122.77486">
    <ele>110.32000000000001</ele>
   </trkpt>
   <trkpt lat="37.95337" lon="-122.77553">
    <ele>103.95000000000002</ele>
   </trkpt>
   <trkpt lat="37.95351" lon="-122.77581">
    <ele>101.9</ele>
   </trkpt>
   <trkpt lat="37.95374" lon="-122.77643">
    <ele>97.05000000000001</ele>
   </trkpt>
   <trkpt lat="37.95384" lon="-122.77687000000002">
    <ele>95.75</ele>
   </trkpt>
   <trkpt lat="37.95387" lon="-122.77711000000001">
    <ele>94.36000000000001</ele>
   </trkpt>
   <trkpt lat="37.95384" lon="-122.77742">
    <ele>92.98</ele>
   </trkpt>
   <trkpt lat="37.9538" lon="-122.7775">
    <ele>92.98</ele>
   </trkpt>
   <trkpt lat="37.953630000000004" lon="-122.77769">
    <ele>91.24</ele>
   </trkpt>
   <trkpt lat="37.95364" lon="-122.77777">
    <ele>89.89000000000001</ele>
   </trkpt>
   <trkpt lat="37.95367" lon="-122.77786">
    <ele>87.63000000000001</ele>
   </trkpt>
   <trkpt lat="37.95389" lon="-122.77809">
    <ele>84.60000000000001</ele>
   </trkpt>
   <trkpt lat="37.953900000000004" lon="-122.77868000000001">
    <ele>82.07000000000001</ele>
   </trkpt>
   <trkpt lat="37.953860000000006" lon="-122.77947">
    <ele>77.34</ele>
   </trkpt>
   <trkpt lat="37.953900000000004" lon="-122.77987000000002">
    <ele>72.81</ele>
   </trkpt>
   <trkpt lat="37.953880000000005" lon="-122.78006">
    <ele>71.71000000000001</ele>
   </trkpt>
   <trkpt lat="37.953770000000006" lon="-122.78036000000002">
    <ele>66.33</ele>
   </trkpt>
   <trkpt lat="37.953450000000004" lon="-122.78091">
    <ele>56.18000000000001</ele>
   </trkpt>
   <trkpt lat="37.95336" lon="-122.78104">
    <ele>55.080000000000005</ele>
   </trkpt>
   <trkpt lat="37.953210000000006" lon="-122.78117">
    <ele>52.38</ele>
   </trkpt>
   <trkpt lat="37.95318" lon="-122.78127">
    <ele>51.0</ele>
   </trkpt>
   <trkpt lat="37.95308" lon="-122.78132000000001">
    <ele>49.800000000000004</ele>
   </trkpt>
   <trkpt lat="37.952980000000004" lon="-122.78145">
    <ele>48.45</ele>
   </trkpt>
   <trkpt lat="37.952960000000004" lon="-122.78162">
    <ele>47.150000000000006</ele>
   </trkpt>
   <trkpt lat="37.95293" lon="-122.78166000000002">
    <ele>47.150000000000006</ele>
   </trkpt>
   <trkpt lat="37.95293" lon="-122.78168000000001">
    <ele>47.150000000000006</ele>
   </trkpt>
   <trkpt lat="37.95299" lon="-122.78176">
    <ele>46.61000000000001</ele>
   </trkpt>
   <trkpt lat="37.953050000000005" lon="-122.78176">
    <ele>46.14</ele>
   </trkpt>
   <trkpt lat="37.95322" lon="-122.78185">
    <ele>45.18000000000001</ele>
   </trkpt>
   <trkpt lat="37.95327" lon="-122.78194">
    <ele>44.050000000000004</ele>
   </trkpt>
   <trkpt lat="37.953320000000005" lon="-122.78207">
    <ele>43.35000000000001</ele>
   </trkpt>
   <trkpt lat="37.95342" lon="-122.78217000000001">
    <ele>42.89</ele>
   </trkpt>
   <trkpt lat="37.9536" lon="-122.78224000000002">
    <ele>42.92000000000001</ele>
   </trkpt>
   <trkpt lat="37.95364" lon="-122.78222000000001">
    <ele>42.92000000000001</ele>
   </trkpt>
   <trkpt lat="37.95371" lon="-122.78238">
    <ele>44.25000000000001</ele>
   </trkpt>
   <trkpt lat="37.95375000000001" lon="-122.78243">
    <ele>44.25000000000001</ele>
   </trkpt>
   <trkpt lat="37.95382" lon="-122.78247">
    <ele>43.050000000000004</ele>
   </trkpt>
   <trkpt lat="37.95389" lon="-122.78241000000001">
    <ele>43.050000000000004</ele>
   </trkpt>
   <trkpt lat="37.95396" lon="-122.78255000000001">
    <ele>38.77</ele>
   </trkpt>
   <trkpt lat="37.953970000000005" lon="-122.7827">
    <ele>34.620000000000005</ele>
   </trkpt>
   <trkpt lat="37.953990000000005" lon="-122.78274">
    <ele>29.800000000000004</ele>
   </trkpt>
   <trkpt lat="37.954060000000005" lon="-122.78284000000001">
    <ele>25.990000000000002</ele>
   </trkpt>
   <trkpt lat="37.95407" lon="-122.78297">
    <ele>22.230000000000004</ele>
   </trkpt>
   <trkpt lat="37.95409" lon="-122.78292">
    <ele>23.860000000000003</ele>
   </trkpt>
   <trkpt lat="37.954080000000005" lon="-122.78287000000002">
    <ele>25.51</ele>
   </trkpt>
   <trkpt lat="37.954040000000006" lon="-122.78279">
    <ele>29.800000000000004</ele>
   </trkpt>
   <trkpt lat="37.953990000000005" lon="-122.78274">
    <ele>34.620000000000005</ele>
   </trkpt>
   <trkpt lat="37.953970000000005" lon="-122.7827">
    <ele>34.620000000000005</ele>
   </trkpt>
   <trkpt lat="37.95396" lon="-122.78255000000001">
    <ele>40.550000000000004</ele>
   </trkpt>
   <trkpt lat="37.95389" lon="-122.78241000000001">
    <ele>43.050000000000004</ele>
   </trkpt>
   <trkpt lat="37.95382" lon="-122.78247">
    <ele>44.25000000000001</ele>
   </trkpt>
   <trkpt lat="37.95375000000001" lon="-122.78243">
    <ele>44.25000000000001</ele>
   </trkpt>
   <trkpt lat="37.95371" lon="-122.78238">
    <ele>43.83</ele>
   </trkpt>
   <trkpt lat="37.95364" lon="-122.78222000000001">
    <ele>42.92000000000001</ele>
   </trkpt>
   <trkpt lat="37.9536" lon="-122.78224000000002">
    <ele>42.800000000000004</ele>
   </trkpt>
   <trkpt lat="37.95342" lon="-122.78217000000001">
    <ele>42.89</ele>
   </trkpt>
   <trkpt lat="37.953320000000005" lon="-122.78207">
    <ele>43.68</ele>
   </trkpt>
   <trkpt lat="37.95327" lon="-122.78194">
    <ele>44.84</ele>
   </trkpt>
   <trkpt lat="37.95322" lon="-122.78185">
    <ele>45.470000000000006</ele>
   </trkpt>
   <trkpt lat="37.953050000000005" lon="-122.78176">
    <ele>46.14</ele>
   </trkpt>
   <trkpt lat="37.95299" lon="-122.78176">
    <ele>46.61000000000001</ele>
   </trkpt>
   <trkpt lat="37.95293" lon="-122.78168000000001">
    <ele>47.150000000000006</ele>
   </trkpt>
   <trkpt lat="37.95293" lon="-122.78166000000002">
    <ele>47.150000000000006</ele>
   </trkpt>
   <trkpt lat="37.952960000000004" lon="-122.78162">
    <ele>47.150000000000006</ele>
   </trkpt>
   <trkpt lat="37.952980000000004" lon="-122.78145">
    <ele>48.45</ele>
   </trkpt>
   <trkpt lat="37.95308" lon="-122.78132000000001">
    <ele>50.370000000000005</ele>
   </trkpt>
   <trkpt lat="37.95318" lon="-122.78127">
    <ele>52.38</ele>
   </trkpt>
   <trkpt lat="37.953210000000006" lon="-122.78117">
    <ele>53.03000000000001</ele>
   </trkpt>
   <trkpt lat="37.95336" lon="-122.78104">
    <ele>55.080000000000005</ele>
   </trkpt>
   <trkpt lat="37.953450000000004" lon="-122.78091">
    <ele>56.81</ele>
   </trkpt>
   <trkpt lat="37.953770000000006" lon="-122.78036000000002">
    <ele>67.14</ele>
   </trkpt>
   <trkpt lat="37.953880000000005" lon="-122.78006">
    <ele>71.71000000000001</ele>
   </trkpt>
   <trkpt lat="37.953900000000004" lon="-122.77987000000002">
    <ele>72.81</ele>
   </trkpt>
   <trkpt lat="37.953860000000006" lon="-122.77947">
    <ele>77.34</ele>
   </trkpt>
   <trkpt lat="37.95389" lon="-122.77868000000001">
    <ele>82.22</ele>
   </trkpt>
   <trkpt lat="37.95423" lon="-122.77889">
    <ele>78.11000000000001</ele>
   </trkpt>
   <trkpt lat="37.95421" lon="-122.77894">
    <ele>78.27000000000001</ele>
   </trkpt>
   <trkpt lat="37.954040000000006" lon="-122.77912">
    <ele>78.15</ele>
   </trkpt>
   <trkpt lat="37.95398" lon="-122.77925">
    <ele>77.43</ele>
   </trkpt>
   <trkpt lat="37.954010000000004" lon="-122.77961">
    <ele>74.78</ele>
   </trkpt>
   <trkpt lat="37.95409" lon="-122.77978000000002">
    <ele>71.4</ele>
   </trkpt>
   <trkpt lat="37.954170000000005" lon="-122.77980000000001">
    <ele>69.93</ele>
   </trkpt>
   <trkpt lat="37.954240000000006" lon="-122.77979">
    <ele>68.4</ele>
   </trkpt>
   <trkpt lat="37.95434" lon="-122.77966">
    <ele>67.0</ele>
   </trkpt>
   <trkpt lat="37.95445" lon="-122.77944000000001">
    <ele>63.83000000000001</ele>
   </trkpt>
   <trkpt lat="37.954570000000004" lon="-122.77935000000001">
    <ele>62.74</ele>
   </trkpt>
   <trkpt lat="37.95524" lon="-122.77921">
    <ele>51.88</ele>
   </trkpt>
   <trkpt lat="37.95543" lon="-122.77912">
    <ele>47.800000000000004</ele>
   </trkpt>
   <trkpt lat="37.95555" lon="-122.77904000000001">
    <ele>46.26</ele>
   </trkpt>
   <trkpt lat="37.955760000000005" lon="-122.77885">
    <ele>45.31</ele>
   </trkpt>
   <trkpt lat="37.95593" lon="-122.77871">
    <ele>45.32000000000001</ele>
   </trkpt>
   <trkpt lat="37.95606" lon="-122.77867">
    <ele>45.45</ele>
   </trkpt>
   <trkpt lat="37.95627" lon="-122.77875000000002">
    <ele>45.92</ele>
   </trkpt>
   <trkpt lat="37.956480000000006" lon="-122.77903">
    <ele>45.56</ele>
   </trkpt>
   <trkpt lat="37.95655" lon="-122.77934">
    <ele>45.18000000000001</ele>
   </trkpt>
   <trkpt lat="37.956570000000006" lon="-122.77957">
    <ele>45.52</ele>
   </trkpt>
   <trkpt lat="37.95647" lon="-122.77997">
    <ele>47.88</ele>
   </trkpt>
   <trkpt lat="37.95644" lon="-122.78023">
    <ele>51.080000000000005</ele>
   </trkpt>
   <trkpt lat="37.956450000000004" lon="-122.78029000000001">
    <ele>52.550000000000004</ele>
   </trkpt>
   <trkpt lat="37.95656" lon="-122.78046">
    <ele>54.85</ele>
   </trkpt>
   <trkpt lat="37.95676" lon="-122.78064">
    <ele>58.150000000000006</ele>
   </trkpt>
   <trkpt lat="37.957240000000006" lon="-122.78131">
    <ele>59.77</ele>
   </trkpt>
   <trkpt lat="37.95738" lon="-122.78158">
    <ele>62.39000000000001</ele>
   </trkpt>
   <trkpt lat="37.95747" lon="-122.78167">
    <ele>63.28</ele>
   </trkpt>
   <trkpt lat="37.957820000000005" lon="-122.78186000000001">
    <ele>65.7</ele>
   </trkpt>
   <trkpt lat="37.95856000021633" lon="-122.78211999735582">
    <ele>68.93</ele>
   </trkpt>
   <trkpt lat="37.959300000000006" lon="-122.78238">
    <ele>79.14</ele>
   </trkpt>
   <trkpt lat="37.95937" lon="-122.78239">
    <ele>79.69000000000001</ele>
   </trkpt>
   <trkpt lat="37.95951" lon="-122.78238">
    <ele>79.7</ele>
   </trkpt>
   <trkpt lat="37.959830000000004" lon="-122.78229">
    <ele>79.02000000000001</ele>
   </trkpt>
   <trkpt lat="37.95996" lon="-122.78226000000001">
    <ele>78.97000000000001</ele>
   </trkpt>
   <trkpt lat="37.960210000000004" lon="-122.78229">
    <ele>79.33000000000001</ele>
   </trkpt>
   <trkpt lat="37.96047" lon="-122.78225">
    <ele>80.31</ele>
   </trkpt>
   <trkpt lat="37.96079" lon="-122.78217000000001">
    <ele>81.41000000000001</ele>
   </trkpt>
   <trkpt lat="37.96096" lon="-122.78217000000001">
    <ele>80.41000000000001</ele>
   </trkpt>
   <trkpt lat="37.961690000000004" lon="-122.78229">
    <ele>75.34</ele>
   </trkpt>
   <trkpt lat="37.96181" lon="-122.78229">
    <ele>74.78</ele>
   </trkpt>
   <trkpt lat="37.96231" lon="-122.78207">
    <ele>77.37</ele>
   </trkpt>
   <trkpt lat="37.96262" lon="-122.78198">
    <ele>78.02000000000001</ele>
   </trkpt>
   <trkpt lat="37.963240000000006" lon="-122.78145">
    <ele>79.46000000000001</ele>
   </trkpt>
   <trkpt lat="37.963820000000005" lon="-122.78113">
    <ele>86.45000000000002</ele>
   </trkpt>
   <trkpt lat="37.963910000000006" lon="-122.78104">
    <ele>88.58</ele>
   </trkpt>
   <trkpt lat="37.96399" lon="-122.78091">
    <ele>90.45</ele>
   </trkpt>
   <trkpt lat="37.96408" lon="-122.78073">
    <ele>91.7</ele>
   </trkpt>
   <trkpt lat="37.96412" lon="-122.78059">
    <ele>91.83000000000001</ele>
   </trkpt>
   <trkpt lat="37.96423" lon="-122.78037">
    <ele>91.67</ele>
   </trkpt>
   <trkpt lat="37.96443" lon="-122.78019">
    <ele>91.82000000000001</ele>
   </trkpt>
   <trkpt lat="37.96457" lon="-122.78002000000001">
    <ele>92.53</ele>
   </trkpt>
   <trkpt lat="37.96482" lon="-122.77979">
    <ele>93.49</ele>
   </trkpt>
   <trkpt lat="37.96531" lon="-122.77971000000001">
    <ele>97.57000000000001</ele>
   </trkpt>
   <trkpt lat="37.965610000000005" lon="-122.7797">
    <ele>99.79</ele>
   </trkpt>
   <trkpt lat="37.96578" lon="-122.77974">
    <ele>101.56</ele>
   </trkpt>
   <trkpt lat="37.96587" lon="-122.77984000000001">
    <ele>103.77000000000001</ele>
   </trkpt>
   <trkpt lat="37.965900000000005" lon="-122.77992">
    <ele>103.77000000000001</ele>
   </trkpt>
   <trkpt lat="37.965920000000004" lon="-122.78006">
    <ele>105.36000000000001</ele>
   </trkpt>
   <trkpt lat="37.965720000000005" lon="-122.78042">
    <ele>109.46000000000001</ele>
   </trkpt>
   <trkpt lat="37.96569" lon="-122.78059">
    <ele>111.00000000000001</ele>
   </trkpt>
   <trkpt lat="37.96587" lon="-122.78141000000001">
    <ele>111.23</ele>
   </trkpt>
   <trkpt lat="37.965920000000004" lon="-122.78158">
    <ele>109.89000000000001</ele>
   </trkpt>
   <trkpt lat="37.96596" lon="-122.7818">
    <ele>109.89000000000001</ele>
   </trkpt>
   <trkpt lat="37.96603" lon="-122.78194">
    <ele>109.19000000000001</ele>
   </trkpt>
   <trkpt lat="37.96627" lon="-122.78207">
    <ele>106.9</ele>
   </trkpt>
   <trkpt lat="37.96627" lon="-122.78203">
    <ele>106.9</ele>
   </trkpt>
   <trkpt lat="37.96631" lon="-122.78198">
    <ele>107.24</ele>
   </trkpt>
   <trkpt lat="37.96636" lon="-122.78195000000001">
    <ele>107.43</ele>
   </trkpt>
   <trkpt lat="37.96667" lon="-122.78198">
    <ele>110.95</ele>
   </trkpt>
   <trkpt lat="37.9667" lon="-122.78190000000001">
    <ele>113.18</ele>
   </trkpt>
   <trkpt lat="37.96667" lon="-122.7818">
    <ele>113.82000000000001</ele>
   </trkpt>
   <trkpt lat="37.96652" lon="-122.78168000000001">
    <ele>115.21000000000001</ele>
   </trkpt>
   <trkpt lat="37.96647" lon="-122.78154">
    <ele>116.87000000000002</ele>
   </trkpt>
   <trkpt lat="37.96643" lon="-122.78135">
    <ele>117.66000000000001</ele>
   </trkpt>
   <trkpt lat="37.96632" lon="-122.78110000000001">
    <ele>120.48</ele>
   </trkpt>
   <trkpt lat="37.96627" lon="-122.78095">
    <ele>124.57000000000001</ele>
   </trkpt>
   <trkpt lat="37.96631" lon="-122.78074000000001">
    <ele>127.28</ele>
   </trkpt>
   <trkpt lat="37.9665" lon="-122.7805">
    <ele>130.68</ele>
   </trkpt>
   <trkpt lat="37.966640000000005" lon="-122.78016000000001">
    <ele>132.75</ele>
   </trkpt>
   <trkpt lat="37.966680000000004" lon="-122.78011000000001">
    <ele>134.34</ele>
   </trkpt>
   <trkpt lat="37.96698000000001" lon="-122.77988">
    <ele>137.08</ele>
   </trkpt>
   <trkpt lat="37.96723" lon="-122.77952">
    <ele>141.81</ele>
   </trkpt>
   <trkpt lat="37.96728" lon="-122.77947">
    <ele>142.36</ele>
   </trkpt>
   <trkpt lat="37.967620000000004" lon="-122.77938">
    <ele>147.05</ele>
   </trkpt>
   <trkpt lat="37.96772" lon="-122.77934">
    <ele>147.05</ele>
   </trkpt>
   <trkpt lat="37.96808" lon="-122.77912">
    <ele>151.27</ele>
   </trkpt>
   <trkpt lat="37.96813" lon="-122.77899000000001">
    <ele>154.02</ele>
   </trkpt>
   <trkpt lat="37.96817" lon="-122.77871">
    <ele>156.48000000000002</ele>
   </trkpt>
   <trkpt lat="37.968030000000006" lon="-122.77850000000001">
    <ele>159.38000000000002</ele>
   </trkpt>
   <trkpt lat="37.96792000000001" lon="-122.77845">
    <ele>162.70000000000002</ele>
   </trkpt>
   <trkpt lat="37.967780000000005" lon="-122.77822">
    <ele>166.71</ele>
   </trkpt>
   <trkpt lat="37.96773" lon="-122.77768">
    <ele>173.43</ele>
   </trkpt>
   <trkpt lat="37.96777" lon="-122.7775">
    <ele>176.3</ele>
   </trkpt>
   <trkpt lat="37.96784" lon="-122.7775">
    <ele>176.3</ele>
   </trkpt>
   <trkpt lat="37.967890000000004" lon="-122.77746">
    <ele>177.65</ele>
   </trkpt>
   <trkpt lat="37.967960000000005" lon="-122.77736000000002">
    <ele>178.95000000000002</ele>
   </trkpt>
   <trkpt lat="37.968250000000005" lon="-122.77723">
    <ele>182.21</ele>
   </trkpt>
   <trkpt lat="37.96846" lon="-122.7771">
    <ele>185.54000000000002</ele>
   </trkpt>
   <trkpt lat="37.96853" lon="-122.77701">
    <ele>186.98</ele>
   </trkpt>
   <trkpt lat="37.9686" lon="-122.77674">
    <ele>190.44000000000003</ele>
   </trkpt>
   <trkpt lat="37.96882" lon="-122.77647">
    <ele>195.85000000000002</ele>
   </trkpt>
   <trkpt lat="37.96904" lon="-122.77625">
    <ele>199.92000000000002</ele>
   </trkpt>
   <trkpt lat="37.969100000000005" lon="-122.77622000000001">
    <ele>200.36</ele>
   </trkpt>
   <trkpt lat="37.96925" lon="-122.77621">
    <ele>201.67000000000002</ele>
   </trkpt>
   <trkpt lat="37.96942000000001" lon="-122.77622000000001">
    <ele>201.68000000000004</ele>
   </trkpt>
   <trkpt lat="37.96952" lon="-122.77616">
    <ele>201.36</ele>
   </trkpt>
   <trkpt lat="37.969570000000004" lon="-122.77603">
    <ele>201.17000000000002</ele>
   </trkpt>
   <trkpt lat="37.96981" lon="-122.77585">
    <ele>202.33</ele>
   </trkpt>
   <trkpt lat="37.96998" lon="-122.7758">
    <ele>204.19</ele>
   </trkpt>
   <trkpt lat="37.97012" lon="-122.77585">
    <ele>206.11</ele>
   </trkpt>
   <trkpt lat="37.97032" lon="-122.77581">
    <ele>210.97000000000003</ele>
   </trkpt>
   <trkpt lat="37.970710000000004" lon="-122.77586000000001">
    <ele>216.55</ele>
   </trkpt>
   <trkpt lat="37.97093" lon="-122.77584000000002">
    <ele>218.15</ele>
   </trkpt>
   <trkpt lat="37.97101" lon="-122.77585">
    <ele>218.4</ele>
   </trkpt>
   <trkpt lat="37.971210000000006" lon="-122.77584000000002">
    <ele>220.06</ele>
   </trkpt>
   <trkpt lat="37.971430000000005" lon="-122.77594">
    <ele>222.14000000000001</ele>
   </trkpt>
   <trkpt lat="37.9718" lon="-122.77621">
    <ele>223.60000000000002</ele>
   </trkpt>
   <trkpt lat="37.972010000000004" lon="-122.77629">
    <ele>224.74</ele>
   </trkpt>
   <trkpt lat="37.972120000000004" lon="-122.77629">
    <ele>226.63000000000002</ele>
   </trkpt>
   <trkpt lat="37.97245" lon="-122.77621">
    <ele>229.44</ele>
   </trkpt>
   <trkpt lat="37.972660000000005" lon="-122.77620000000002">
    <ele>232.98000000000002</ele>
   </trkpt>
   <trkpt lat="37.972730000000006" lon="-122.77621">
    <ele>232.98000000000002</ele>
   </trkpt>
   <trkpt lat="37.972840000000005" lon="-122.77635000000001">
    <ele>235.57000000000002</ele>
   </trkpt>
   <trkpt lat="37.972970000000004" lon="-122.77665">
    <ele>238.05</ele>
   </trkpt>
   <trkpt lat="37.973180000000006" lon="-122.77697">
    <ele>238.6</ele>
   </trkpt>
   <trkpt lat="37.97323" lon="-122.77715">
    <ele>239.05</ele>
   </trkpt>
   <trkpt lat="37.97355" lon="-122.77745000000002">
    <ele>238.98000000000002</ele>
   </trkpt>
   <trkpt lat="37.97381" lon="-122.77751">
    <ele>239.29000000000002</ele>
   </trkpt>
   <trkpt lat="37.974030000000006" lon="-122.7775">
    <ele>239.98000000000002</ele>
   </trkpt>
   <trkpt lat="37.97429" lon="-122.77741">
    <ele>238.97</ele>
   </trkpt>
   <trkpt lat="37.97442" lon="-122.77728">
    <ele>238.63</ele>
   </trkpt>
   <trkpt lat="37.97482" lon="-122.77720000000001">
    <ele>237.43000000000004</ele>
   </trkpt>
   <trkpt lat="37.97496" lon="-122.77723">
    <ele>237.38</ele>
   </trkpt>
   <trkpt lat="37.975210000000004" lon="-122.77707000000001">
    <ele>237.63</ele>
   </trkpt>
   <trkpt lat="37.97549" lon="-122.77711000000001">
    <ele>238.73000000000002</ele>
   </trkpt>
   <trkpt lat="37.975550000000005" lon="-122.7771">
    <ele>239.09000000000003</ele>
   </trkpt>
   <trkpt lat="37.975660000000005" lon="-122.77706">
    <ele>239.37000000000003</ele>
   </trkpt>
   <trkpt lat="37.97578" lon="-122.77692">
    <ele>239.57000000000002</ele>
   </trkpt>
   <trkpt lat="37.9763" lon="-122.77675">
    <ele>239.68000000000004</ele>
   </trkpt>
   <trkpt lat="37.97679" lon="-122.77646000000001">
    <ele>237.41</ele>
   </trkpt>
   <trkpt lat="37.97684" lon="-122.77651000000002">
    <ele>237.41</ele>
   </trkpt>
   <trkpt lat="37.977050000000006" lon="-122.77653000000001">
    <ele>235.28</ele>
   </trkpt>
   <trkpt lat="37.97744" lon="-122.77665">
    <ele>232.92000000000002</ele>
   </trkpt>
   <trkpt lat="37.977700000000006" lon="-122.77662000000001">
    <ele>232.31</ele>
   </trkpt>
   <trkpt lat="37.97787" lon="-122.77668000000001">
    <ele>232.68</ele>
   </trkpt>
   <trkpt lat="37.977940000000004" lon="-122.77671000000001">
    <ele>232.68</ele>
   </trkpt>
   <trkpt lat="37.978030000000004" lon="-122.77683">
    <ele>233.17000000000002</ele>
   </trkpt>
   <trkpt lat="37.97809" lon="-122.77701">
    <ele>233.58</ele>
   </trkpt>
   <trkpt lat="37.97814" lon="-122.7775">
    <ele>235.88</ele>
   </trkpt>
   <trkpt lat="37.978190000000005" lon="-122.77764">
    <ele>237.65000000000003</ele>
   </trkpt>
   <trkpt lat="37.97833" lon="-122.77777">
    <ele>239.8</ele>
   </trkpt>
   <trkpt lat="37.97842" lon="-122.77782">
    <ele>241.00000000000003</ele>
   </trkpt>
   <trkpt lat="37.9788" lon="-122.77777">
    <ele>246.66000000000003</ele>
   </trkpt>
   <trkpt lat="37.9791" lon="-122.77768">
    <ele>250.68</ele>
   </trkpt>
   <trkpt lat="37.979220000000005" lon="-122.77768">
    <ele>252.84</ele>
   </trkpt>
   <trkpt lat="37.97932" lon="-122.77773">
    <ele>252.84</ele>
   </trkpt>
   <trkpt lat="37.979440000000004" lon="-122.77774000000001">
    <ele>254.84</ele>
   </trkpt>
   <trkpt lat="37.979870000000005" lon="-122.77809">
    <ele>258.37000000000006</ele>
   </trkpt>
   <trkpt lat="37.980180000000004" lon="-122.77823000000001">
    <ele>258.98</ele>
   </trkpt>
   <trkpt lat="37.98015" lon="-122.77848000000002">
    <ele>257.73</ele>
   </trkpt>
   <trkpt lat="37.98022" lon="-122.77859000000001">
    <ele>257.05</ele>
   </trkpt>
   <trkpt lat="37.980560000000004" lon="-122.77885">
    <ele>250.85000000000002</ele>
   </trkpt>
   <trkpt lat="37.98066" lon="-122.77912">
    <ele>246.13000000000002</ele>
   </trkpt>
   <trkpt lat="37.98077" lon="-122.77926000000001">
    <ele>242.65000000000003</ele>
   </trkpt>
   <trkpt lat="37.98093" lon="-122.77938">
    <ele>241.22</ele>
   </trkpt>
   <trkpt lat="37.981190000000005" lon="-122.77943">
    <ele>235.84</ele>
   </trkpt>
   <trkpt lat="37.98125" lon="-122.77947">
    <ele>235.3</ele>
   </trkpt>
   <trkpt lat="37.98131" lon="-122.77952">
    <ele>234.45000000000002</ele>
   </trkpt>
   <trkpt lat="37.98136" lon="-122.77965">
    <ele>233.75</ele>
   </trkpt>
   <trkpt lat="37.981370000000005" lon="-122.77979">
    <ele>232.5</ele>
   </trkpt>
   <trkpt lat="37.981410000000004" lon="-122.77988">
    <ele>230.99000000000004</ele>
   </trkpt>
   <trkpt lat="37.981660000000005" lon="-122.7801">
    <ele>229.35000000000002</ele>
   </trkpt>
   <trkpt lat="37.98207" lon="-122.78041">
    <ele>230.29000000000002</ele>
   </trkpt>
   <trkpt lat="37.98237" lon="-122.78059">
    <ele>227.22</ele>
   </trkpt>
   <trkpt lat="37.98241" lon="-122.78063000000002">
    <ele>226.60000000000002</ele>
   </trkpt>
   <trkpt lat="37.9825" lon="-122.78081000000002">
    <ele>223.92000000000002</ele>
   </trkpt>
   <trkpt lat="37.982620000000004" lon="-122.78117">
    <ele>220.69000000000003</ele>
   </trkpt>
   <trkpt lat="37.98266" lon="-122.78144">
    <ele>220.59</ele>
   </trkpt>
   <trkpt lat="37.98263" lon="-122.78167">
    <ele>222.07000000000002</ele>
   </trkpt>
   <trkpt lat="37.9825" lon="-122.78190000000001">
    <ele>223.91000000000003</ele>
   </trkpt>
   <trkpt lat="37.982420000000005" lon="-122.78211">
    <ele>227.67000000000002</ele>
   </trkpt>
   <trkpt lat="37.982310000000005" lon="-122.78229">
    <ele>229.65</ele>
   </trkpt>
   <trkpt lat="37.9823" lon="-122.78247">
    <ele>230.95000000000002</ele>
   </trkpt>
   <trkpt lat="37.98236" lon="-122.78279">
    <ele>233.94</ele>
   </trkpt>
   <trkpt lat="37.982440000000004" lon="-122.7831">
    <ele>235.58</ele>
   </trkpt>
   <trkpt lat="37.9825" lon="-122.78323">
    <ele>235.22</ele>
   </trkpt>
   <trkpt lat="37.98265" lon="-122.7835">
    <ele>231.63000000000002</ele>
   </trkpt>
   <trkpt lat="37.9827" lon="-122.78364">
    <ele>231.63000000000002</ele>
   </trkpt>
   <trkpt lat="37.98272" lon="-122.78382">
    <ele>229.71</ele>
   </trkpt>
   <trkpt lat="37.9827" lon="-122.78390000000002">
    <ele>229.71</ele>
   </trkpt>
   <trkpt lat="37.982600000000005" lon="-122.784">
    <ele>227.75</ele>
   </trkpt>
   <trkpt lat="37.982350000000004" lon="-122.78409">
    <ele>225.52</ele>
   </trkpt>
   <trkpt lat="37.98218" lon="-122.78422">
    <ele>224.71</ele>
   </trkpt>
   <trkpt lat="37.981840000000005" lon="-122.78431">
    <ele>224.3</ele>
   </trkpt>
   <trkpt lat="37.98176" lon="-122.78435">
    <ele>224.13000000000002</ele>
   </trkpt>
   <trkpt lat="37.98185" lon="-122.78441000000001">
    <ele>225.07000000000002</ele>
   </trkpt>
   <trkpt lat="37.98208" lon="-122.78435">
    <ele>227.81</ele>
   </trkpt>
   <trkpt lat="37.98245" lon="-122.78436">
    <ele>232.83</ele>
   </trkpt>
   <trkpt lat="37.98275" lon="-122.78431">
    <ele>237.15000000000003</ele>
   </trkpt>
   <trkpt lat="37.98286" lon="-122.78435">
    <ele>239.28000000000003</ele>
   </trkpt>
   <trkpt lat="37.982910000000004" lon="-122.78441000000001">
    <ele>240.77</ele>
   </trkpt>
   <trkpt lat="37.982960000000006" lon="-122.78462">
    <ele>243.89000000000001</ele>
   </trkpt>
   <trkpt lat="37.98301" lon="-122.78516">
    <ele>246.99</ele>
   </trkpt>
   <trkpt lat="37.98306" lon="-122.78542000000002">
    <ele>246.54</ele>
   </trkpt>
   <trkpt lat="37.983140000000006" lon="-122.78562000000001">
    <ele>245.33</ele>
   </trkpt>
   <trkpt lat="37.9834250007919" lon="-122.78608999793839">
    <ele>239.88</ele>
   </trkpt>
   <trkpt lat="37.98371" lon="-122.78656000000001">
    <ele>236.88</ele>
   </trkpt>
   <trkpt lat="37.983920000000005" lon="-122.78708">
    <ele>235.31</ele>
   </trkpt>
   <trkpt lat="37.984" lon="-122.78722">
    <ele>235.05</ele>
   </trkpt>
   <trkpt lat="37.984300000000005" lon="-122.78767">
    <ele>234.23000000000002</ele>
   </trkpt>
   <trkpt lat="37.984640000000006" lon="-122.78814000000001">
    <ele>233.15</ele>
   </trkpt>
   <trkpt lat="37.984680000000004" lon="-122.78821">
    <ele>233.15</ele>
   </trkpt>
   <trkpt lat="37.98471" lon="-122.78838">
    <ele>232.4</ele>
   </trkpt>
   <trkpt lat="37.98472" lon="-122.78861">
    <ele>232.4</ele>
   </trkpt>
   <trkpt lat="37.984700000000004" lon="-122.78909000000002">
    <ele>231.65</ele>
   </trkpt>
   <trkpt lat="37.984730000000006" lon="-122.78933">
    <ele>231.08</ele>
   </trkpt>
   <trkpt lat="37.984730000000006" lon="-122.78964">
    <ele>230.73000000000002</ele>
   </trkpt>
   <trkpt lat="37.98478" lon="-122.79005000000001">
    <ele>230.38000000000002</ele>
   </trkpt>
   <trkpt lat="37.984880000000004" lon="-122.79035">
    <ele>230.36</ele>
   </trkpt>
   <trkpt lat="37.984970000000004" lon="-122.79049">
    <ele>230.47</ele>
   </trkpt>
   <trkpt lat="37.98496" lon="-122.79048000000002">
    <ele>230.47</ele>
   </trkpt>
   <trkpt lat="37.985170000000004" lon="-122.79068000000001">
    <ele>230.71</ele>
   </trkpt>
   <trkpt lat="37.985330000000005" lon="-122.7908">
    <ele>230.75</ele>
   </trkpt>
   <trkpt lat="37.98552" lon="-122.79086000000001">
    <ele>230.53</ele>
   </trkpt>
   <trkpt lat="37.9857" lon="-122.79102">
    <ele>229.44</ele>
   </trkpt>
   <trkpt lat="37.985980000000005" lon="-122.7913">
    <ele>228.86</ele>
   </trkpt>
   <trkpt lat="37.986320000000006" lon="-122.79156">
    <ele>229.34</ele>
   </trkpt>
   <trkpt lat="37.98655" lon="-122.79169000000002">
    <ele>232.93000000000004</ele>
   </trkpt>
   <trkpt lat="37.98726500027386" lon="-122.79196499730226">
    <ele>235.97</ele>
   </trkpt>
   <trkpt lat="37.98798" lon="-122.79224">
    <ele>238.55</ele>
   </trkpt>
   <trkpt lat="37.98832" lon="-122.79245000000002">
    <ele>238.44</ele>
   </trkpt>
   <trkpt lat="37.98883" lon="-122.79283000000001">
    <ele>232.51000000000002</ele>
   </trkpt>
   <trkpt lat="37.989020000000004" lon="-122.79304">
    <ele>231.14000000000001</ele>
   </trkpt>
   <trkpt lat="37.98933" lon="-122.79344">
    <ele>226.42000000000002</ele>
   </trkpt>
   <trkpt lat="37.98953" lon="-122.79362">
    <ele>225.39000000000001</ele>
   </trkpt>
   <trkpt lat="37.989670000000004" lon="-122.79371">
    <ele>224.01000000000002</ele>
   </trkpt>
   <trkpt lat="37.989790000000006" lon="-122.79375000000002">
    <ele>223.18</ele>
   </trkpt>
   <trkpt lat="37.989760000000004" lon="-122.79374000000001">
    <ele>223.18</ele>
   </trkpt>
   <trkpt lat="37.989830000000005" lon="-122.79375000000002">
    <ele>222.47000000000003</ele>
   </trkpt>
   <trkpt lat="37.989940000000004" lon="-122.79371">
    <ele>221.21</ele>
   </trkpt>
   <trkpt lat="37.98998" lon="-122.79362">
    <ele>218.47000000000003</ele>
   </trkpt>
   <trkpt lat="37.989990000000006" lon="-122.79349">
    <ele>217.84</ele>
   </trkpt>
   <trkpt lat="37.98996" lon="-122.79332000000001">
    <ele>216.69000000000003</ele>
   </trkpt>
   <trkpt lat="37.98988000000001" lon="-122.79313">
    <ele>215.13000000000002</ele>
   </trkpt>
   <trkpt lat="37.989790000000006" lon="-122.79303000000002">
    <ele>212.21</ele>
   </trkpt>
   <trkpt lat="37.98953" lon="-122.79281000000002">
    <ele>209.55</ele>
   </trkpt>
   <trkpt lat="37.98948" lon="-122.79273">
    <ele>208.70000000000002</ele>
   </trkpt>
   <trkpt lat="37.98924" lon="-122.79227000000002">
    <ele>205.25</ele>
   </trkpt>
   <trkpt lat="37.989160000000005" lon="-122.79214">
    <ele>203.90000000000003</ele>
   </trkpt>
   <trkpt lat="37.9891" lon="-122.79193000000001">
    <ele>203.17000000000002</ele>
   </trkpt>
   <trkpt lat="37.9891" lon="-122.79175000000001">
    <ele>200.95000000000002</ele>
   </trkpt>
   <trkpt lat="37.98926" lon="-122.79142000000002">
    <ele>199.22</ele>
   </trkpt>
   <trkpt lat="37.989340000000006" lon="-122.79129">
    <ele>199.3</ele>
   </trkpt>
   <trkpt lat="37.98937" lon="-122.7912">
    <ele>199.48000000000002</ele>
   </trkpt>
   <trkpt lat="37.989360000000005" lon="-122.79112">
    <ele>200.02</ele>
   </trkpt>
   <trkpt lat="37.989230000000006" lon="-122.79089">
    <ele>201.82000000000002</ele>
   </trkpt>
   <trkpt lat="37.989020000000004" lon="-122.7904">
    <ele>202.19</ele>
   </trkpt>
   <trkpt lat="37.98881" lon="-122.78983000000001">
    <ele>195.62</ele>
   </trkpt>
   <trkpt lat="37.988710000000005" lon="-122.78932">
    <ele>195.37</ele>
   </trkpt>
   <trkpt lat="37.9887" lon="-122.78883">
    <ele>194.13000000000002</ele>
   </trkpt>
   <trkpt lat="37.988710000000005" lon="-122.78878000000002">
    <ele>193.45000000000002</ele>
   </trkpt>
   <trkpt lat="37.98877" lon="-122.78871000000001">
    <ele>192.65</ele>
   </trkpt>
   <trkpt lat="37.98888" lon="-122.78874">
    <ele>191.77</ele>
   </trkpt>
   <trkpt lat="37.9893" lon="-122.7891">
    <ele>180.35</ele>
   </trkpt>
   <trkpt lat="37.98948" lon="-122.7891">
    <ele>177.73000000000002</ele>
   </trkpt>
   <trkpt lat="37.98968" lon="-122.78882000000002">
    <ele>175.54</ele>
   </trkpt>
   <trkpt lat="37.98962" lon="-122.78853000000001">
    <ele>174.40000000000003</ele>
   </trkpt>
   <trkpt lat="37.98957" lon="-122.78842000000002">
    <ele>174.14000000000001</ele>
   </trkpt>
   <trkpt lat="37.98962" lon="-122.78853000000001">
    <ele>174.40000000000003</ele>
   </trkpt>
   <trkpt lat="37.989720000000005" lon="-122.78897">
    <ele>174.70000000000002</ele>
   </trkpt>
   <trkpt lat="37.989940000000004" lon="-122.78905">
    <ele>173.82</ele>
   </trkpt>
   <trkpt lat="37.990050000000004" lon="-122.78919">
    <ele>171.5</ele>
   </trkpt>
   <trkpt lat="37.990170000000006" lon="-122.78928">
    <ele>170.31</ele>
   </trkpt>
   <trkpt lat="37.99024" lon="-122.78929000000001">
    <ele>170.01000000000002</ele>
   </trkpt>
   <trkpt lat="37.99029" lon="-122.78928">
    <ele>170.01000000000002</ele>
   </trkpt>
   <trkpt lat="37.990320000000004" lon="-122.78923">
    <ele>169.44</ele>
   </trkpt>
   <trkpt lat="37.99051" lon="-122.78924">
    <ele>167.82000000000002</ele>
   </trkpt>
   <trkpt lat="37.990590000000005" lon="-122.78928">
    <ele>168.43</ele>
   </trkpt>
   <trkpt lat="37.990640000000006" lon="-122.78937">
    <ele>170.14000000000001</ele>
   </trkpt>
   <trkpt lat="37.99067" lon="-122.78951">
    <ele>172.25</ele>
   </trkpt>
   <trkpt lat="37.990750000000006" lon="-122.78964">
    <ele>174.84000000000003</ele>
   </trkpt>
   <trkpt lat="37.99078" lon="-122.78974000000001">
    <ele>175.48000000000002</ele>
   </trkpt>
   <trkpt lat="37.9909" lon="-122.78999">
    <ele>179.48000000000002</ele>
   </trkpt>
   <trkpt lat="37.99089" lon="-122.79013">
    <ele>180.39000000000001</ele>
   </trkpt>
   <trkpt lat="37.991" lon="-122.79009">
    <ele>180.73</ele>
   </trkpt>
   <trkpt lat="37.991130000000005" lon="-122.79021000000002">
    <ele>180.05</ele>
   </trkpt>
   <trkpt lat="37.99128" lon="-122.79018">
    <ele>178.93</ele>
   </trkpt>
   <trkpt lat="37.99145" lon="-122.79035">
    <ele>176.72</ele>
   </trkpt>
   <trkpt lat="37.991550000000004" lon="-122.7904">
    <ele>175.73000000000002</ele>
   </trkpt>
   <trkpt lat="37.991690000000006" lon="-122.79057000000002">
    <ele>173.74</ele>
   </trkpt>
   <trkpt lat="37.99168" lon="-122.79056000000001">
    <ele>173.74</ele>
   </trkpt>
   <trkpt lat="37.99175" lon="-122.79067">
    <ele>172.59</ele>
   </trkpt>
   <trkpt lat="37.991780000000006" lon="-122.79084000000002">
    <ele>171.76000000000002</ele>
   </trkpt>
   <trkpt lat="37.99184" lon="-122.79098">
    <ele>171.36</ele>
   </trkpt>
   <trkpt lat="37.992090000000005" lon="-122.79147">
    <ele>170.49</ele>
   </trkpt>
   <trkpt lat="37.992110000000004" lon="-122.79162000000001">
    <ele>169.56</ele>
   </trkpt>
   <trkpt lat="37.99204" lon="-122.79180000000001">
    <ele>169.13</ele>
   </trkpt>
   <trkpt lat="37.991890000000005" lon="-122.79200000000002">
    <ele>168.17000000000002</ele>
   </trkpt>
   <trkpt lat="37.991690000000006" lon="-122.79214">
    <ele>167.15</ele>
   </trkpt>
   <trkpt lat="37.991400000000006" lon="-122.79224">
    <ele>165.13000000000002</ele>
   </trkpt>
   <trkpt lat="37.99132" lon="-122.79232">
    <ele>164.78</ele>
   </trkpt>
   <trkpt lat="37.991240000000005" lon="-122.79246">
    <ele>164.66</ele>
   </trkpt>
   <trkpt lat="37.99125" lon="-122.79255">
    <ele>164.66</ele>
   </trkpt>
   <trkpt lat="37.991290000000006" lon="-122.79260000000001">
    <ele>164.66</ele>
   </trkpt>
   <trkpt lat="37.99148" lon="-122.79273">
    <ele>164.87</ele>
   </trkpt>
   <trkpt lat="37.991760000000006" lon="-122.79305000000001">
    <ele>163.51000000000002</ele>
   </trkpt>
   <trkpt lat="37.991870000000006" lon="-122.79313">
    <ele>161.89000000000001</ele>
   </trkpt>
   <trkpt lat="37.992110000000004" lon="-122.79317">
    <ele>160.24</ele>
   </trkpt>
   <trkpt lat="37.99235" lon="-122.79322">
    <ele>158.03</ele>
   </trkpt>
   <trkpt lat="37.992540000000005" lon="-122.79332000000001">
    <ele>156.14</ele>
   </trkpt>
   <trkpt lat="37.99284" lon="-122.79353">
    <ele>150.41000000000003</ele>
   </trkpt>
   <trkpt lat="37.992900000000006" lon="-122.79354000000001">
    <ele>150.41000000000003</ele>
   </trkpt>
   <trkpt lat="37.99316" lon="-122.79353">
    <ele>146.13</ele>
   </trkpt>
   <trkpt lat="37.9932" lon="-122.79357000000002">
    <ele>144.83</ele>
   </trkpt>
   <trkpt lat="37.99325" lon="-122.79367">
    <ele>143.04</ele>
   </trkpt>
   <trkpt lat="37.99335000000001" lon="-122.79372000000001">
    <ele>143.04</ele>
   </trkpt>
   <trkpt lat="37.993370000000006" lon="-122.79388000000002">
    <ele>140.22</ele>
   </trkpt>
   <trkpt lat="37.99326000000001" lon="-122.79411">
    <ele>138.1</ele>
   </trkpt>
   <trkpt lat="37.9932" lon="-122.79416">
    <ele>137.54000000000002</ele>
   </trkpt>
   <trkpt lat="37.99315" lon="-122.79416">
    <ele>136.25</ele>
   </trkpt>
   <trkpt lat="37.993100000000005" lon="-122.7942">
    <ele>136.25</ele>
   </trkpt>
   <trkpt lat="37.99279000000001" lon="-122.79466000000001">
    <ele>129.18</ele>
   </trkpt>
   <trkpt lat="37.99269" lon="-122.79465">
    <ele>126.16000000000003</ele>
   </trkpt>
   <trkpt lat="37.992520000000006" lon="-122.79478000000002">
    <ele>124.14000000000001</ele>
   </trkpt>
   <trkpt lat="37.992470000000004" lon="-122.79483">
    <ele>123.11000000000001</ele>
   </trkpt>
   <trkpt lat="37.992340000000006" lon="-122.79505">
    <ele>121.66</ele>
   </trkpt>
   <trkpt lat="37.992180000000005" lon="-122.7951">
    <ele>120.50000000000001</ele>
   </trkpt>
   <trkpt lat="37.992110000000004" lon="-122.79519">
    <ele>120.21000000000001</ele>
   </trkpt>
   <trkpt lat="37.992140000000006" lon="-122.79524">
    <ele>120.20000000000002</ele>
   </trkpt>
   <trkpt lat="37.992200000000004" lon="-122.79528">
    <ele>120.39000000000001</ele>
   </trkpt>
   <trkpt lat="37.992430000000006" lon="-122.79523">
    <ele>121.68</ele>
   </trkpt>
   <trkpt lat="37.9926" lon="-122.79527000000002">
    <ele>123.15</ele>
   </trkpt>
   <trkpt lat="37.992850000000004" lon="-122.79541">
    <ele>127.8</ele>
   </trkpt>
   <trkpt lat="37.993010000000005" lon="-122.79547000000001">
    <ele>127.8</ele>
   </trkpt>
   <trkpt lat="37.993210000000005" lon="-122.79564">
    <ele>132.47</ele>
   </trkpt>
   <trkpt lat="37.99335000000001" lon="-122.79581">
    <ele>133.51000000000002</ele>
   </trkpt>
   <trkpt lat="37.993750000000006" lon="-122.79622">
    <ele>137.86</ele>
   </trkpt>
   <trkpt lat="37.993880000000004" lon="-122.7964">
    <ele>139.03</ele>
   </trkpt>
   <trkpt lat="37.99405" lon="-122.79653">
    <ele>139.41</ele>
   </trkpt>
   <trkpt lat="37.994170000000004" lon="-122.79658">
    <ele>139.26000000000002</ele>
   </trkpt>
   <trkpt lat="37.994550000000004" lon="-122.79649">
    <ele>140.24</ele>
   </trkpt>
   <trkpt lat="37.99468" lon="-122.79649">
    <ele>141.15</ele>
   </trkpt>
   <trkpt lat="37.99479" lon="-122.79653">
    <ele>141.44</ele>
   </trkpt>
   <trkpt lat="37.994890000000005" lon="-122.79658">
    <ele>141.41</ele>
   </trkpt>
   <trkpt lat="37.99537" lon="-122.79698">
    <ele>142.31000000000003</ele>
   </trkpt>
   <trkpt lat="37.99546" lon="-122.79709000000001">
    <ele>142.33</ele>
   </trkpt>
   <trkpt lat="37.995140000000006" lon="-122.79711">
    <ele>147.58</ele>
   </trkpt>
   <trkpt lat="37.9947" lon="-122.79726000000001">
    <ele>151.78000000000003</ele>
   </trkpt>
   <trkpt lat="37.99461" lon="-122.79744000000001">
    <ele>153.50000000000003</ele>
   </trkpt>
   <trkpt lat="37.994420000000005" lon="-122.79761">
    <ele>155.94000000000003</ele>
   </trkpt>
   <trkpt lat="37.9943" lon="-122.79762000000001">
    <ele>157.59</ele>
   </trkpt>
   <trkpt lat="37.99421" lon="-122.79761">
    <ele>158.05</ele>
   </trkpt>
   <trkpt lat="37.9936" lon="-122.79761">
    <ele>165.27</ele>
   </trkpt>
   <trkpt lat="37.993590000000005" lon="-122.79761">
    <ele>165.27</ele>
   </trkpt>
   <trkpt lat="37.99331" lon="-122.79738">
    <ele>170.03</ele>
   </trkpt>
   <trkpt lat="37.993030000000005" lon="-122.7972">
    <ele>173.54000000000002</ele>
   </trkpt>
   <trkpt lat="37.99262" lon="-122.79689">
    <ele>179.83</ele>
   </trkpt>
   <trkpt lat="37.992360000000005" lon="-122.79672000000001">
    <ele>182.54</ele>
   </trkpt>
   <trkpt lat="37.9923" lon="-122.79671">
    <ele>183.73</ele>
   </trkpt>
   <trkpt lat="37.99186" lon="-122.79653">
    <ele>187.89000000000001</ele>
   </trkpt>
   <trkpt lat="37.991730000000004" lon="-122.79650000000001">
    <ele>190.96</ele>
   </trkpt>
   <trkpt lat="37.991510000000005" lon="-122.79668000000001">
    <ele>192.95000000000002</ele>
   </trkpt>
   <trkpt lat="37.9913" lon="-122.79675">
    <ele>198.16</ele>
   </trkpt>
   <trkpt lat="37.99096" lon="-122.79675">
    <ele>203.27</ele>
   </trkpt>
   <trkpt lat="37.99089" lon="-122.79671">
    <ele>203.27</ele>
   </trkpt>
   <trkpt lat="37.99072" lon="-122.79659000000001">
    <ele>205.29000000000002</ele>
   </trkpt>
   <trkpt lat="37.99058" lon="-122.79648000000002">
    <ele>206.31000000000003</ele>
   </trkpt>
   <trkpt lat="37.990260000000006" lon="-122.79635">
    <ele>208.09000000000003</ele>
   </trkpt>
   <trkpt lat="37.99018" lon="-122.79635">
    <ele>210.41</ele>
   </trkpt>
   <trkpt lat="37.99013" lon="-122.7964">
    <ele>210.41</ele>
   </trkpt>
   <trkpt lat="37.99" lon="-122.79644">
    <ele>211.63</ele>
   </trkpt>
   <trkpt lat="37.98968" lon="-122.79662">
    <ele>214.07</ele>
   </trkpt>
   <trkpt lat="37.98951" lon="-122.79662">
    <ele>214.85000000000002</ele>
   </trkpt>
   <trkpt lat="37.98941000000001" lon="-122.79658">
    <ele>216.03000000000003</ele>
   </trkpt>
   <trkpt lat="37.989180000000005" lon="-122.79630000000002">
    <ele>218.95</ele>
   </trkpt>
   <trkpt lat="37.989110000000004" lon="-122.79617">
    <ele>219.37</ele>
   </trkpt>
   <trkpt lat="37.98894000000001" lon="-122.79564">
    <ele>223.58</ele>
   </trkpt>
   <trkpt lat="37.98883" lon="-122.7955">
    <ele>224.44000000000003</ele>
   </trkpt>
   <trkpt lat="37.98857" lon="-122.79532">
    <ele>226.94000000000003</ele>
   </trkpt>
   <trkpt lat="37.98846" lon="-122.79492">
    <ele>228.61</ele>
   </trkpt>
   <trkpt lat="37.98846" lon="-122.79480000000001">
    <ele>230.17000000000002</ele>
   </trkpt>
   <trkpt lat="37.988040000000005" lon="-122.7942">
    <ele>236.02</ele>
   </trkpt>
   <trkpt lat="37.98763" lon="-122.79390000000001">
    <ele>239.14000000000001</ele>
   </trkpt>
   <trkpt lat="37.98751" lon="-122.79366000000002">
    <ele>240.27</ele>
   </trkpt>
   <trkpt lat="37.98751" lon="-122.79344">
    <ele>241.24</ele>
   </trkpt>
   <trkpt lat="37.98747" lon="-122.79322">
    <ele>241.58</ele>
   </trkpt>
   <trkpt lat="37.987410000000004" lon="-122.79314000000001">
    <ele>241.88</ele>
   </trkpt>
   <trkpt lat="37.98705" lon="-122.79295">
    <ele>243.1</ele>
   </trkpt>
   <trkpt lat="37.98684" lon="-122.79260000000001">
    <ele>242.44</ele>
   </trkpt>
   <trkpt lat="37.98673" lon="-122.79255">
    <ele>241.56000000000003</ele>
   </trkpt>
   <trkpt lat="37.98635" lon="-122.7921">
    <ele>234.17000000000002</ele>
   </trkpt>
   <trkpt lat="37.98617" lon="-122.79183">
    <ele>231.43</ele>
   </trkpt>
   <trkpt lat="37.98606" lon="-122.79157000000001">
    <ele>229.35000000000002</ele>
   </trkpt>
   <trkpt lat="37.98595" lon="-122.79140000000001">
    <ele>228.92000000000002</ele>
   </trkpt>
   <trkpt lat="37.98595" lon="-122.79142000000002">
    <ele>228.92000000000002</ele>
   </trkpt>
   <trkpt lat="37.985980000000005" lon="-122.7913">
    <ele>228.86</ele>
   </trkpt>
   <trkpt lat="37.986320000000006" lon="-122.79156">
    <ele>229.34</ele>
   </trkpt>
   <trkpt lat="37.98655" lon="-122.79169000000002">
    <ele>230.92000000000002</ele>
   </trkpt>
   <trkpt lat="37.98726500027386" lon="-122.79196499730226">
    <ele>235.97</ele>
   </trkpt>
   <trkpt lat="37.98798" lon="-122.79224">
    <ele>238.55</ele>
   </trkpt>
   <trkpt lat="37.988040000000005" lon="-122.79229000000001">
    <ele>238.55</ele>
   </trkpt>
   <trkpt lat="37.988040000000005" lon="-122.79218000000002">
    <ele>239.37000000000003</ele>
   </trkpt>
   <trkpt lat="37.987860000000005" lon="-122.79196">
    <ele>241.75000000000003</ele>
   </trkpt>
   <trkpt lat="37.98772" lon="-122.79166000000001">
    <ele>247.54</ele>
   </trkpt>
   <trkpt lat="37.98767" lon="-122.79148">
    <ele>248.79</ele>
   </trkpt>
   <trkpt lat="37.98762" lon="-122.79062">
    <ele>254.26999999999998</ele>
   </trkpt>
   <trkpt lat="37.987590000000004" lon="-122.79058">
    <ele>254.54000000000005</ele>
   </trkpt>
   <trkpt lat="37.98733" lon="-122.79031">
    <ele>255.20000000000005</ele>
   </trkpt>
   <trkpt lat="37.98695" lon="-122.78986">
    <ele>257.01</ele>
   </trkpt>
   <trkpt lat="37.98662" lon="-122.78959">
    <ele>258.14000000000004</ele>
   </trkpt>
   <trkpt lat="37.98646" lon="-122.78945000000002">
    <ele>258.15999999999997</ele>
   </trkpt>
   <trkpt lat="37.98617" lon="-122.7891">
    <ele>256.27</ele>
   </trkpt>
   <trkpt lat="37.986000000000004" lon="-122.78887000000002">
    <ele>255.19000000000003</ele>
   </trkpt>
   <trkpt lat="37.98557" lon="-122.78839">
    <ele>253.87000000000003</ele>
   </trkpt>
   <trkpt lat="37.98552" lon="-122.78829">
    <ele>253.24</ele>
   </trkpt>
   <trkpt lat="37.98534" lon="-122.78743000000001">
    <ele>251.19000000000003</ele>
   </trkpt>
   <trkpt lat="37.98521" lon="-122.78708">
    <ele>254.51000000000002</ele>
   </trkpt>
   <trkpt lat="37.98516" lon="-122.78681000000002">
    <ele>257.82</ele>
   </trkpt>
   <trkpt lat="37.98521" lon="-122.78642">
    <ele>261.48</ele>
   </trkpt>
   <trkpt lat="37.98519" lon="-122.78597">
    <ele>265.97</ele>
   </trkpt>
   <trkpt lat="37.985240000000005" lon="-122.78565">
    <ele>267.84000000000003</ele>
   </trkpt>
   <trkpt lat="37.98534" lon="-122.78539">
    <ele>270.36</ele>
   </trkpt>
   <trkpt lat="37.98554" lon="-122.78525">
    <ele>273.59</ele>
   </trkpt>
   <trkpt lat="37.985600000000005" lon="-122.78529">
    <ele>273.59</ele>
   </trkpt>
   <trkpt lat="37.985690000000005" lon="-122.78512">
    <ele>276.89000000000004</ele>
   </trkpt>
   <trkpt lat="37.98649" lon="-122.78504000000001">
    <ele>289.02</ele>
   </trkpt>
   <trkpt lat="37.986540000000005" lon="-122.78499000000001">
    <ele>291.18000000000006</ele>
   </trkpt>
   <trkpt lat="37.986630000000005" lon="-122.78498">
    <ele>292.39000000000004</ele>
   </trkpt>
   <trkpt lat="37.98686" lon="-122.78476">
    <ele>293.83000000000004</ele>
   </trkpt>
   <trkpt lat="37.987" lon="-122.78449">
    <ele>295.1</ele>
   </trkpt>
   <trkpt lat="37.987190000000005" lon="-122.78396000000001">
    <ele>300.76000000000005</ele>
   </trkpt>
   <trkpt lat="37.98724" lon="-122.78305000000002">
    <ele>310.44000000000005</ele>
   </trkpt>
   <trkpt lat="37.98736" lon="-122.78266">
    <ele>312.9</ele>
   </trkpt>
   <trkpt lat="37.987350000000006" lon="-122.78257">
    <ele>313.16</ele>
   </trkpt>
   <trkpt lat="37.98747" lon="-122.78239">
    <ele>314.94000000000005</ele>
   </trkpt>
   <trkpt lat="37.987410000000004" lon="-122.78234">
    <ele>314.94000000000005</ele>
   </trkpt>
   <trkpt lat="37.987390000000005" lon="-122.78226000000001">
    <ele>316.61</ele>
   </trkpt>
   <trkpt lat="37.98715" lon="-122.78198">
    <ele>319.48</ele>
   </trkpt>
   <trkpt lat="37.9872" lon="-122.78176">
    <ele>320.52000000000004</ele>
   </trkpt>
   <trkpt lat="37.987350000000006" lon="-122.78153">
    <ele>321.88</ele>
   </trkpt>
   <trkpt lat="37.987370000000006" lon="-122.78141000000001">
    <ele>322.93000000000006</ele>
   </trkpt>
   <trkpt lat="37.98749" lon="-122.78122">
    <ele>323.74</ele>
   </trkpt>
   <trkpt lat="37.98767" lon="-122.78105000000001">
    <ele>324.35</ele>
   </trkpt>
   <trkpt lat="37.98776" lon="-122.78077">
    <ele>325.95</ele>
   </trkpt>
   <trkpt lat="37.987880000000004" lon="-122.78059">
    <ele>327.66</ele>
   </trkpt>
   <trkpt lat="37.98801" lon="-122.78046">
    <ele>328.29</ele>
   </trkpt>
   <trkpt lat="37.98818" lon="-122.78020000000001">
    <ele>330.65</ele>
   </trkpt>
   <trkpt lat="37.9883" lon="-122.78006">
    <ele>332.13000000000005</ele>
   </trkpt>
   <trkpt lat="37.98834" lon="-122.77996000000002">
    <ele>332.54</ele>
   </trkpt>
   <trkpt lat="37.988350000000004" lon="-122.77979">
    <ele>334.17</ele>
   </trkpt>
   <trkpt lat="37.98832" lon="-122.77969000000002">
    <ele>334.86</ele>
   </trkpt>
   <trkpt lat="37.98819" lon="-122.77948">
    <ele>338.29</ele>
   </trkpt>
   <trkpt lat="37.988200000000006" lon="-122.77948">
    <ele>338.29</ele>
   </trkpt>
   <trkpt lat="37.98819" lon="-122.77949000000001">
    <ele>338.29</ele>
   </trkpt>
   <trkpt lat="37.9883" lon="-122.77947">
    <ele>339.66</ele>
   </trkpt>
   <trkpt lat="37.988350000000004" lon="-122.77943">
    <ele>339.66</ele>
   </trkpt>
   <trkpt lat="37.98859" lon="-122.77952">
    <ele>343.01000000000005</ele>
   </trkpt>
   <trkpt lat="37.98868" lon="-122.77948">
    <ele>343.23</ele>
   </trkpt>
   <trkpt lat="37.988780000000006" lon="-122.77941000000001">
    <ele>343.1</ele>
   </trkpt>
   <trkpt lat="37.98906" lon="-122.77934">
    <ele>340.51000000000005</ele>
   </trkpt>
   <trkpt lat="37.98908" lon="-122.77925">
    <ele>339.86000000000007</ele>
   </trkpt>
   <trkpt lat="37.98913" lon="-122.77916">
    <ele>339.58000000000004</ele>
   </trkpt>
   <trkpt lat="37.98915" lon="-122.77903">
    <ele>339.5</ele>
   </trkpt>
   <trkpt lat="37.98928" lon="-122.77907">
    <ele>338.97</ele>
   </trkpt>
   <trkpt lat="37.989380000000004" lon="-122.77903">
    <ele>338.87</ele>
   </trkpt>
   <trkpt lat="37.98982" lon="-122.77867">
    <ele>340.30000000000007</ele>
   </trkpt>
   <trkpt lat="37.98991" lon="-122.77871">
    <ele>341.35</ele>
   </trkpt>
   <trkpt lat="37.99009" lon="-122.7788">
    <ele>341.88</ele>
   </trkpt>
   <trkpt lat="37.990370000000006" lon="-122.77931000000001">
    <ele>340.17</ele>
   </trkpt>
   <trkpt lat="37.990680000000005" lon="-122.77952">
    <ele>343.34000000000003</ele>
   </trkpt>
   <trkpt lat="37.99116" lon="-122.77975">
    <ele>349.65000000000003</ele>
   </trkpt>
   <trkpt lat="37.99134" lon="-122.78019">
    <ele>351.93</ele>
   </trkpt>
   <trkpt lat="37.99154" lon="-122.7805">
    <ele>351.16</ele>
   </trkpt>
   <trkpt lat="37.991780000000006" lon="-122.7806">
    <ele>349.57000000000005</ele>
   </trkpt>
   <trkpt lat="37.99204" lon="-122.78068">
    <ele>348.15000000000003</ele>
   </trkpt>
   <trkpt lat="37.992230000000006" lon="-122.78068">
    <ele>347.0</ele>
   </trkpt>
   <trkpt lat="37.99242" lon="-122.78056000000001">
    <ele>347.68000000000006</ele>
   </trkpt>
   <trkpt lat="37.99255" lon="-122.7805">
    <ele>348.01000000000005</ele>
   </trkpt>
   <trkpt lat="37.993140000000004" lon="-122.77979">
    <ele>352.01000000000005</ele>
   </trkpt>
   <trkpt lat="37.99329" lon="-122.77952">
    <ele>354.83000000000004</ele>
   </trkpt>
   <trkpt lat="37.99336" lon="-122.77916">
    <ele>356.19</ele>
   </trkpt>
   <trkpt lat="37.993590000000005" lon="-122.77912">
    <ele>356.36</ele>
   </trkpt>
   <trkpt lat="37.993770000000005" lon="-122.77916">
    <ele>356.41</ele>
   </trkpt>
   <trkpt lat="37.99394" lon="-122.77903">
    <ele>356.76</ele>
   </trkpt>
   <trkpt lat="37.99434" lon="-122.77912">
    <ele>357.49</ele>
   </trkpt>
   <trkpt lat="37.99439" lon="-122.77916">
    <ele>358.17</ele>
   </trkpt>
   <trkpt lat="37.99436" lon="-122.77956">
    <ele>359.83000000000004</ele>
   </trkpt>
   <trkpt lat="37.99427" lon="-122.77998000000001">
    <ele>362.83000000000004</ele>
   </trkpt>
   <trkpt lat="37.99439" lon="-122.78014">
    <ele>363.25</ele>
   </trkpt>
   <trkpt lat="37.994670000000006" lon="-122.78028">
    <ele>364.67</ele>
   </trkpt>
   <trkpt lat="37.994960000000006" lon="-122.78023">
    <ele>366.81</ele>
   </trkpt>
   <trkpt lat="37.99495" lon="-122.78024">
    <ele>366.81</ele>
   </trkpt>
   <trkpt lat="37.995270000000005" lon="-122.77992">
    <ele>369.61</ele>
   </trkpt>
   <trkpt lat="37.99542" lon="-122.77966">
    <ele>371.38000000000005</ele>
   </trkpt>
   <trkpt lat="37.99555" lon="-122.7792">
    <ele>375.73</ele>
   </trkpt>
   <trkpt lat="37.99551" lon="-122.77902000000002">
    <ele>377.63</ele>
   </trkpt>
   <trkpt lat="37.995380000000004" lon="-122.77876">
    <ele>379.38000000000005</ele>
   </trkpt>
   <trkpt lat="37.99531" lon="-122.7784">
    <ele>383.48</ele>
   </trkpt>
   <trkpt lat="37.99526" lon="-122.77822">
    <ele>386.31000000000006</ele>
   </trkpt>
   <trkpt lat="37.99494" lon="-122.77786">
    <ele>391.5</ele>
   </trkpt>
   <trkpt lat="37.994910000000004" lon="-122.77773">
    <ele>392.44</ele>
   </trkpt>
   <trkpt lat="37.99494" lon="-122.77765000000001">
    <ele>393.5</ele>
   </trkpt>
   <trkpt lat="37.99481" lon="-122.77754000000002">
    <ele>393.61</ele>
   </trkpt>
   <trkpt lat="37.994690000000006" lon="-122.7775">
    <ele>393.85</ele>
   </trkpt>
   <trkpt lat="37.99457" lon="-122.77751">
    <ele>394.09000000000003</ele>
   </trkpt>
   <trkpt lat="37.994400000000006" lon="-122.77763000000002">
    <ele>394.79</ele>
   </trkpt>
   <trkpt lat="37.99427" lon="-122.77768">
    <ele>395.17</ele>
   </trkpt>
   <trkpt lat="37.994040000000005" lon="-122.77763000000002">
    <ele>396.69000000000005</ele>
   </trkpt>
   <trkpt lat="37.9938" lon="-122.77751">
    <ele>397.67</ele>
   </trkpt>
   <trkpt lat="37.993640000000006" lon="-122.77741">
    <ele>398.67</ele>
   </trkpt>
   <trkpt lat="37.993550000000006" lon="-122.77732">
    <ele>399.0</ele>
   </trkpt>
   <trkpt lat="37.993520000000004" lon="-122.77724">
    <ele>399.0</ele>
   </trkpt>
   <trkpt lat="37.99351" lon="-122.7771">
    <ele>401.4800000000001</ele>
   </trkpt>
   <trkpt lat="37.993460000000006" lon="-122.77697">
    <ele>401.70000000000005</ele>
   </trkpt>
   <trkpt lat="37.993500000000004" lon="-122.77709000000002">
    <ele>400.86</ele>
   </trkpt>
   <trkpt lat="37.993520000000004" lon="-122.77724">
    <ele>399.0</ele>
   </trkpt>
   <trkpt lat="37.993550000000006" lon="-122.77732">
    <ele>399.0</ele>
   </trkpt>
   <trkpt lat="37.993640000000006" lon="-122.77741">
    <ele>398.38</ele>
   </trkpt>
   <trkpt lat="37.9938" lon="-122.77751">
    <ele>397.67</ele>
   </trkpt>
   <trkpt lat="37.994040000000005" lon="-122.77763000000002">
    <ele>396.69000000000005</ele>
   </trkpt>
   <trkpt lat="37.99427" lon="-122.77768">
    <ele>395.17</ele>
   </trkpt>
   <trkpt lat="37.994400000000006" lon="-122.77763000000002">
    <ele>394.63000000000005</ele>
   </trkpt>
   <trkpt lat="37.99457" lon="-122.77751">
    <ele>394.09000000000003</ele>
   </trkpt>
   <trkpt lat="37.994690000000006" lon="-122.7775">
    <ele>393.67</ele>
   </trkpt>
   <trkpt lat="37.99481" lon="-122.77754000000002">
    <ele>393.61</ele>
   </trkpt>
   <trkpt lat="37.99494" lon="-122.77765000000001">
    <ele>393.5</ele>
   </trkpt>
   <trkpt lat="37.995090000000005" lon="-122.77768">
    <ele>394.32000000000005</ele>
   </trkpt>
   <trkpt lat="37.99512" lon="-122.77773">
    <ele>394.32000000000005</ele>
   </trkpt>
   <trkpt lat="37.99539" lon="-122.77795">
    <ele>395.33</ele>
   </trkpt>
   <trkpt lat="37.995430000000006" lon="-122.778">
    <ele>395.33</ele>
   </trkpt>
   <trkpt lat="37.995650000000005" lon="-122.77813">
    <ele>395.03000000000003</ele>
   </trkpt>
   <trkpt lat="37.995740000000005" lon="-122.77814000000001">
    <ele>394.33</ele>
   </trkpt>
   <trkpt lat="37.99582" lon="-122.77826">
    <ele>394.33</ele>
   </trkpt>
   <trkpt lat="37.995870000000004" lon="-122.77830000000002">
    <ele>393.47</ele>
   </trkpt>
   <trkpt lat="37.995920000000005" lon="-122.77827">
    <ele>393.47</ele>
   </trkpt>
   <trkpt lat="37.995990000000006" lon="-122.77831">
    <ele>393.0</ele>
   </trkpt>
   <trkpt lat="37.996500000000005" lon="-122.77875000000002">
    <ele>388.75000000000006</ele>
   </trkpt>
   <trkpt lat="37.99674" lon="-122.77886000000001">
    <ele>387.35</ele>
   </trkpt>
   <trkpt lat="37.99707" lon="-122.77938">
    <ele>384.58000000000004</ele>
   </trkpt>
   <trkpt lat="37.997130000000006" lon="-122.77942000000002">
    <ele>384.58000000000004</ele>
   </trkpt>
   <trkpt lat="37.99738" lon="-122.77942000000002">
    <ele>382.64000000000004</ele>
   </trkpt>
   <trkpt lat="37.99741" lon="-122.77947">
    <ele>382.64000000000004</ele>
   </trkpt>
   <trkpt lat="37.997580000000006" lon="-122.77957">
    <ele>380.65000000000003</ele>
   </trkpt>
   <trkpt lat="37.997640000000004" lon="-122.77957">
    <ele>380.33000000000004</ele>
   </trkpt>
   <trkpt lat="37.998070000000006" lon="-122.77984000000001">
    <ele>377.39</ele>
   </trkpt>
   <trkpt lat="37.998340000000006" lon="-122.78023">
    <ele>374.47</ele>
   </trkpt>
   <trkpt lat="37.998540000000006" lon="-122.78041">
    <ele>372.88000000000005</ele>
   </trkpt>
   <trkpt lat="37.99862" lon="-122.78041">
    <ele>372.37</ele>
   </trkpt>
   <trkpt lat="37.99873" lon="-122.78047000000001">
    <ele>371.94000000000005</ele>
   </trkpt>
   <trkpt lat="37.99893" lon="-122.78045000000002">
    <ele>371.20000000000005</ele>
   </trkpt>
   <trkpt lat="37.99911" lon="-122.78054000000002">
    <ele>371.19</ele>
   </trkpt>
   <trkpt lat="37.99942" lon="-122.78046">
    <ele>374.3</ele>
   </trkpt>
   <trkpt lat="37.999410000000005" lon="-122.78048000000001">
    <ele>374.3</ele>
   </trkpt>
   <trkpt lat="37.9996" lon="-122.78023">
    <ele>377.92</ele>
   </trkpt>
   <trkpt lat="37.99973" lon="-122.7801">
    <ele>377.82000000000005</ele>
   </trkpt>
   <trkpt lat="37.999770000000005" lon="-122.78001">
    <ele>377.44000000000005</ele>
   </trkpt>
   <trkpt lat="38.0001150007003" lon="-122.77963000168974">
    <ele>373.6700000000001</ele>
   </trkpt>
   <trkpt lat="38.000460000000004" lon="-122.77925">
    <ele>376.70000000000005</ele>
   </trkpt>
   <trkpt lat="38.000640000000004" lon="-122.77889">
    <ele>374.88000000000005</ele>
   </trkpt>
   <trkpt lat="38.00085500104218" lon="-122.77837500170322">
    <ele>367.92</ele>
   </trkpt>
   <trkpt lat="38.001070000000006" lon="-122.77786">
    <ele>363.7</ele>
   </trkpt>
   <trkpt lat="38.00135" lon="-122.77755">
    <ele>358.97</ele>
   </trkpt>
   <trkpt lat="38.001560000000005" lon="-122.77745000000002">
    <ele>355.34000000000003</ele>
   </trkpt>
   <trkpt lat="38.0017" lon="-122.77745000000002">
    <ele>353.93</ele>
   </trkpt>
   <trkpt lat="38.00228500030629" lon="-122.77718500211004">
    <ele>339.46000000000004</ele>
   </trkpt>
   <trkpt lat="38.00287" lon="-122.77692">
    <ele>329.8</ele>
   </trkpt>
   <trkpt lat="38.00298" lon="-122.77692">
    <ele>328.17</ele>
   </trkpt>
   <trkpt lat="38.00311000000001" lon="-122.77688">
    <ele>326.47</ele>
   </trkpt>
   <trkpt lat="38.003240000000005" lon="-122.77674">
    <ele>324.91</ele>
   </trkpt>
   <trkpt lat="38.003260000000004" lon="-122.77666">
    <ele>324.91</ele>
   </trkpt>
   <trkpt lat="38.00327" lon="-122.77648">
    <ele>322.49</ele>
   </trkpt>
   <trkpt lat="38.00318" lon="-122.77638">
    <ele>321.92</ele>
   </trkpt>
   <trkpt lat="38.002950000000006" lon="-122.77634">
    <ele>318.5</ele>
   </trkpt>
   <trkpt lat="38.002660000000006" lon="-122.77633000000002">
    <ele>315.78</ele>
   </trkpt>
   <trkpt lat="38.002680000000005" lon="-122.77622000000001">
    <ele>315.15000000000003</ele>
   </trkpt>
   <trkpt lat="38.00301" lon="-122.77595000000001">
    <ele>309.12</ele>
   </trkpt>
   <trkpt lat="38.00325" lon="-122.77585">
    <ele>307.1</ele>
   </trkpt>
   <trkpt lat="38.00347" lon="-122.7758">
    <ele>304.72</ele>
   </trkpt>
   <trkpt lat="38.0039" lon="-122.77594">
    <ele>299.08</ele>
   </trkpt>
   <trkpt lat="38.00413" lon="-122.77612">
    <ele>296.82000000000005</ele>
   </trkpt>
   <trkpt lat="38.004180000000005" lon="-122.77611000000002">
    <ele>296.24</ele>
   </trkpt>
   <trkpt lat="38.00423" lon="-122.77612">
    <ele>295.56000000000006</ele>
   </trkpt>
   <trkpt lat="38.00428" lon="-122.77608000000001">
    <ele>295.56000000000006</ele>
   </trkpt>
   <trkpt lat="38.00441" lon="-122.77613000000001">
    <ele>292.2</ele>
   </trkpt>
   <trkpt lat="38.004560000000005" lon="-122.77634">
    <ele>290.68000000000006</ele>
   </trkpt>
   <trkpt lat="38.00462" lon="-122.77647">
    <ele>290.00000000000006</ele>
   </trkpt>
   <trkpt lat="38.004630000000006" lon="-122.77660000000002">
    <ele>288.99</ele>
   </trkpt>
   <trkpt lat="38.0047" lon="-122.77666">
    <ele>286.48</ele>
   </trkpt>
   <trkpt lat="38.00475" lon="-122.77662000000001">
    <ele>286.48</ele>
   </trkpt>
   <trkpt lat="38.00484" lon="-122.77661">
    <ele>285.28000000000003</ele>
   </trkpt>
   <trkpt lat="38.00508000000001" lon="-122.77662000000001">
    <ele>282.51000000000005</ele>
   </trkpt>
   <trkpt lat="38.00517" lon="-122.77661">
    <ele>280.5</ele>
   </trkpt>
   <trkpt lat="38.00529" lon="-122.77665">
    <ele>278.86</ele>
   </trkpt>
   <trkpt lat="38.0058" lon="-122.77657">
    <ele>269.54</ele>
   </trkpt>
   <trkpt lat="38.00594" lon="-122.77653000000001">
    <ele>267.47</ele>
   </trkpt>
   <trkpt lat="38.006" lon="-122.77644000000001">
    <ele>266.27</ele>
   </trkpt>
   <trkpt lat="38.00591" lon="-122.77613000000001">
    <ele>263.68</ele>
   </trkpt>
   <trkpt lat="38.00587" lon="-122.77613000000001">
    <ele>259.53000000000003</ele>
   </trkpt>
   <trkpt lat="38.005770000000005" lon="-122.77594">
    <ele>258.3</ele>
   </trkpt>
   <trkpt lat="38.005680000000005" lon="-122.77554">
    <ele>254.54000000000005</ele>
   </trkpt>
   <trkpt lat="38.00567" lon="-122.7754">
    <ele>252.92000000000002</ele>
   </trkpt>
   <trkpt lat="38.00573" lon="-122.7754">
    <ele>252.44</ele>
   </trkpt>
   <trkpt lat="38.005840000000006" lon="-122.77545">
    <ele>251.64000000000001</ele>
   </trkpt>
   <trkpt lat="38.00596" lon="-122.77571">
    <ele>250.38000000000005</ele>
   </trkpt>
   <trkpt lat="38.006040000000006" lon="-122.77576">
    <ele>249.43</ele>
   </trkpt>
   <trkpt lat="38.006150000000005" lon="-122.7758">
    <ele>246.14000000000001</ele>
   </trkpt>
   <trkpt lat="38.00625" lon="-122.77566000000002">
    <ele>244.48000000000002</ele>
   </trkpt>
   <trkpt lat="38.00627" lon="-122.77544">
    <ele>240.11</ele>
   </trkpt>
   <trkpt lat="38.00621" lon="-122.77522">
    <ele>238.44</ele>
   </trkpt>
   <trkpt lat="38.006260000000005" lon="-122.77518">
    <ele>237.45000000000002</ele>
   </trkpt>
   <trkpt lat="38.00614" lon="-122.775">
    <ele>233.56</ele>
   </trkpt>
   <trkpt lat="38.006150000000005" lon="-122.77491">
    <ele>231.12</ele>
   </trkpt>
   <trkpt lat="38.006260000000005" lon="-122.77461000000001">
    <ele>228.35000000000002</ele>
   </trkpt>
   <trkpt lat="38.006460000000004" lon="-122.7745">
    <ele>225.51000000000002</ele>
   </trkpt>
   <trkpt lat="38.00656" lon="-122.77428">
    <ele>222.85000000000002</ele>
   </trkpt>
   <trkpt lat="38.00659" lon="-122.77411000000001">
    <ele>220.4</ele>
   </trkpt>
   <trkpt lat="38.00654" lon="-122.77401">
    <ele>220.4</ele>
   </trkpt>
   <trkpt lat="38.00667" lon="-122.77387000000002">
    <ele>218.86</ele>
   </trkpt>
   <trkpt lat="38.00679" lon="-122.77379">
    <ele>216.84</ele>
   </trkpt>
   <trkpt lat="38.006870000000006" lon="-122.77347">
    <ele>214.19000000000003</ele>
   </trkpt>
   <trkpt lat="38.007020000000004" lon="-122.77331000000001">
    <ele>209.02</ele>
   </trkpt>
   <trkpt lat="38.007340000000006" lon="-122.77321">
    <ele>202.77</ele>
   </trkpt>
   <trkpt lat="38.007490000000004" lon="-122.77293000000002">
    <ele>199.16</ele>
   </trkpt>
   <trkpt lat="38.00757" lon="-122.77267">
    <ele>196.67000000000002</ele>
   </trkpt>
   <trkpt lat="38.00771" lon="-122.77235">
    <ele>191.56</ele>
   </trkpt>
   <trkpt lat="38.00777" lon="-122.77191">
    <ele>189.4</ele>
   </trkpt>
   <trkpt lat="38.00777" lon="-122.77190000000002">
    <ele>189.4</ele>
   </trkpt>
   <trkpt lat="38.007690000000004" lon="-122.77169">
    <ele>187.87</ele>
   </trkpt>
   <trkpt lat="38.00761" lon="-122.77159">
    <ele>187.58</ele>
   </trkpt>
   <trkpt lat="38.00704" lon="-122.77155">
    <ele>185.54000000000002</ele>
   </trkpt>
   <trkpt lat="38.00639" lon="-122.77159">
    <ele>185.21</ele>
   </trkpt>
   <trkpt lat="38.00623" lon="-122.77172000000002">
    <ele>186.52</ele>
   </trkpt>
   <trkpt lat="38.00607" lon="-122.77173">
    <ele>187.58</ele>
   </trkpt>
   <trkpt lat="38.00592" lon="-122.77168">
    <ele>187.8</ele>
   </trkpt>
   <trkpt lat="38.00574" lon="-122.77154000000002">
    <ele>186.84</ele>
   </trkpt>
   <trkpt lat="38.00564" lon="-122.77141">
    <ele>185.73</ele>
   </trkpt>
   <trkpt lat="38.005590000000005" lon="-122.77106">
    <ele>184.56</ele>
   </trkpt>
   <trkpt lat="38.005480000000006" lon="-122.77071000000001">
    <ele>183.17000000000002</ele>
   </trkpt>
   <trkpt lat="38.0054" lon="-122.77056">
    <ele>182.37</ele>
   </trkpt>
   <trkpt lat="38.005370000000006" lon="-122.77012">
    <ele>179.32</ele>
   </trkpt>
   <trkpt lat="38.005340000000004" lon="-122.76999">
    <ele>176.0</ele>
   </trkpt>
   <trkpt lat="38.005210000000005" lon="-122.76977000000001">
    <ele>173.89000000000001</ele>
   </trkpt>
   <trkpt lat="38.005300000000005" lon="-122.76957000000002">
    <ele>170.18000000000004</ele>
   </trkpt>
   <trkpt lat="38.00527" lon="-122.7694">
    <ele>168.27</ele>
   </trkpt>
   <trkpt lat="38.00529" lon="-122.76927">
    <ele>167.23000000000002</ele>
   </trkpt>
   <trkpt lat="38.005190000000006" lon="-122.76910000000001">
    <ele>165.26000000000002</ele>
   </trkpt>
   <trkpt lat="38.00518" lon="-122.76891">
    <ele>164.21</ele>
   </trkpt>
   <trkpt lat="38.005140000000004" lon="-122.76873">
    <ele>162.89000000000001</ele>
   </trkpt>
   <trkpt lat="38.00506" lon="-122.76855">
    <ele>159.98000000000002</ele>
   </trkpt>
   <trkpt lat="38.004920000000006" lon="-122.76846">
    <ele>159.98000000000002</ele>
   </trkpt>
   <trkpt lat="38.004870000000004" lon="-122.76833">
    <ele>156.26000000000002</ele>
   </trkpt>
   <trkpt lat="38.004740000000005" lon="-122.76815">
    <ele>155.69000000000003</ele>
   </trkpt>
   <trkpt lat="38.004580000000004" lon="-122.7681">
    <ele>153.28</ele>
   </trkpt>
   <trkpt lat="38.00446" lon="-122.76797">
    <ele>151.55</ele>
   </trkpt>
   <trkpt lat="38.00441" lon="-122.76783">
    <ele>150.93</ele>
   </trkpt>
   <trkpt lat="38.004340000000006" lon="-122.76754000000001">
    <ele>150.29</ele>
   </trkpt>
   <trkpt lat="38.00439" lon="-122.76703">
    <ele>146.55</ele>
   </trkpt>
   <trkpt lat="38.00437" lon="-122.76685">
    <ele>146.55</ele>
   </trkpt>
   <trkpt lat="38.00426" lon="-122.76653">
    <ele>143.69</ele>
   </trkpt>
   <trkpt lat="38.00414" lon="-122.76631">
    <ele>142.23000000000002</ele>
   </trkpt>
   <trkpt lat="38.00397" lon="-122.76613">
    <ele>140.3</ele>
   </trkpt>
   <trkpt lat="38.003730000000004" lon="-122.76609">
    <ele>138.25</ele>
   </trkpt>
   <trkpt lat="38.003370000000004" lon="-122.76618">
    <ele>135.6</ele>
   </trkpt>
   <trkpt lat="38.00327" lon="-122.76627">
    <ele>135.34</ele>
   </trkpt>
   <trkpt lat="38.003170000000004" lon="-122.7664">
    <ele>134.43</ele>
   </trkpt>
   <trkpt lat="38.00311000000001" lon="-122.76653">
    <ele>133.59</ele>
   </trkpt>
   <trkpt lat="38.003040000000006" lon="-122.76686000000001">
    <ele>132.32000000000002</ele>
   </trkpt>
   <trkpt lat="38.002950000000006" lon="-122.76783">
    <ele>128.66000000000003</ele>
   </trkpt>
   <trkpt lat="38.00298" lon="-122.76842">
    <ele>125.84</ele>
   </trkpt>
   <trkpt lat="38.002900000000004" lon="-122.76864">
    <ele>125.31</ele>
   </trkpt>
   <trkpt lat="38.0028" lon="-122.76882">
    <ele>125.24000000000001</ele>
   </trkpt>
   <trkpt lat="38.00263" lon="-122.76895">
    <ele>125.09</ele>
   </trkpt>
   <trkpt lat="38.002520000000004" lon="-122.76904">
    <ele>124.58000000000001</ele>
   </trkpt>
   <trkpt lat="38.00233" lon="-122.76927">
    <ele>122.95</ele>
   </trkpt>
   <trkpt lat="38.002120000000005" lon="-122.76966000000002">
    <ele>117.63000000000001</ele>
   </trkpt>
   <trkpt lat="38.001990000000006" lon="-122.7698">
    <ele>116.21000000000001</ele>
   </trkpt>
   <trkpt lat="38.001920000000005" lon="-122.76985">
    <ele>115.42</ele>
   </trkpt>
   <trkpt lat="38.001870000000004" lon="-122.76984000000002">
    <ele>115.15000000000002</ele>
   </trkpt>
   <trkpt lat="38.00186" lon="-122.76983000000001">
    <ele>115.15000000000002</ele>
   </trkpt>
   <trkpt lat="38.001830000000005" lon="-122.76962">
    <ele>114.47000000000001</ele>
   </trkpt>
   <trkpt lat="38.002010000000006" lon="-122.76859">
    <ele>107.87</ele>
   </trkpt>
   <trkpt lat="38.002100000000006" lon="-122.76769000000002">
    <ele>104.37</ele>
   </trkpt>
   <trkpt lat="38.002030000000005" lon="-122.76703">
    <ele>101.05000000000001</ele>
   </trkpt>
   <trkpt lat="38.00202" lon="-122.76671">
    <ele>99.98000000000002</ele>
   </trkpt>
   <trkpt lat="38.001940000000005" lon="-122.76617000000002">
    <ele>98.88000000000001</ele>
   </trkpt>
   <trkpt lat="38.00179" lon="-122.76559">
    <ele>96.51</ele>
   </trkpt>
   <trkpt lat="38.001720000000006" lon="-122.76511">
    <ele>94.21</ele>
   </trkpt>
   <trkpt lat="38.001630000000006" lon="-122.76474">
    <ele>92.63</ele>
   </trkpt>
   <trkpt lat="38.001560000000005" lon="-122.76456">
    <ele>91.6</ele>
   </trkpt>
   <trkpt lat="38.00144" lon="-122.76440000000001">
    <ele>89.88</ele>
   </trkpt>
   <trkpt lat="38.00139" lon="-122.7643">
    <ele>88.8</ele>
   </trkpt>
   <trkpt lat="38.00137" lon="-122.76416">
    <ele>88.51</ele>
   </trkpt>
   <trkpt lat="38.00141" lon="-122.76389">
    <ele>86.46000000000001</ele>
   </trkpt>
   <trkpt lat="38.00139" lon="-122.76376">
    <ele>85.38000000000001</ele>
   </trkpt>
   <trkpt lat="38.00128" lon="-122.76354">
    <ele>84.71000000000001</ele>
   </trkpt>
   <trkpt lat="38.00114000000001" lon="-122.76336">
    <ele>83.16000000000001</ele>
   </trkpt>
   <trkpt lat="38.00057" lon="-122.76281000000002">
    <ele>78.61000000000001</ele>
   </trkpt>
   <trkpt lat="38.00001" lon="-122.76241000000002">
    <ele>78.53</ele>
   </trkpt>
   <trkpt lat="37.999700000000004" lon="-122.76223000000002">
    <ele>79.67</ele>
   </trkpt>
   <trkpt lat="37.99947" lon="-122.76198000000001">
    <ele>82.79</ele>
   </trkpt>
   <trkpt lat="37.999370000000006" lon="-122.76192">
    <ele>82.79</ele>
   </trkpt>
   <trkpt lat="37.999190000000006" lon="-122.76188">
    <ele>84.52000000000001</ele>
   </trkpt>
   <trkpt lat="37.99877" lon="-122.76192">
    <ele>88.02</ele>
   </trkpt>
   <trkpt lat="37.99868" lon="-122.76184">
    <ele>88.02</ele>
   </trkpt>
   <trkpt lat="37.99868" lon="-122.76174">
    <ele>88.08</ele>
   </trkpt>
   <trkpt lat="37.99891" lon="-122.76134">
    <ele>87.84</ele>
   </trkpt>
   <trkpt lat="37.999010000000006" lon="-122.76112">
    <ele>87.84</ele>
   </trkpt>
   <trkpt lat="37.99906" lon="-122.76094">
    <ele>87.71000000000001</ele>
   </trkpt>
   <trkpt lat="37.99907" lon="-122.76077000000001">
    <ele>87.65</ele>
   </trkpt>
   <trkpt lat="37.99904" lon="-122.76062">
    <ele>87.5</ele>
   </trkpt>
   <trkpt lat="37.998870000000004" lon="-122.76009">
    <ele>87.34</ele>
   </trkpt>
   <trkpt lat="37.99884" lon="-122.75990000000002">
    <ele>87.36</ele>
   </trkpt>
   <trkpt lat="37.99879" lon="-122.75986">
    <ele>87.36</ele>
   </trkpt>
   <trkpt lat="37.99859" lon="-122.75959000000002">
    <ele>87.96000000000001</ele>
   </trkpt>
   <trkpt lat="37.998235001013505" lon="-122.75914499806555">
    <ele>88.06000000000002</ele>
   </trkpt>
   <trkpt lat="37.99788" lon="-122.7587">
    <ele>88.41</ele>
   </trkpt>
   <trkpt lat="37.997640000000004" lon="-122.75816">
    <ele>88.7</ele>
   </trkpt>
   <trkpt lat="37.997530000000005" lon="-122.75798">
    <ele>88.69</ele>
   </trkpt>
   <trkpt lat="37.997440000000005" lon="-122.7579">
    <ele>88.58</ele>
   </trkpt>
  </trkseg>
 </trk>
</gpx>
